id,domain,status,purchase_price,renewal_price,attractiveness,demand,length,registrar,created_at,expires_at,status_verified_at
e0131121-61b1-4a04-9b45-e2681029a492,mythic.hosting,available,309.99,429.99,high,low,6,namesilo,,,03/09/2026 12:29
e0991b2f-e14c-4414-81f9-71d18b882d04,puku.hosting,available,310.98,437.98,medium,low,4,namecheap,,,17/09/2026 07:35
f1f5d46d-db23-46be-8869-e472ff78f42c,linear.hosting,available,309.99,329.99,high,low,6,namesilo,,,
bcef7543-35e1-4d18-987b-3e71d05e48c5,cubic.hosting,available,309.99,329.99,high,low,5,namesilo,,,13/08/2026 10:01
7c21ed72-5c6a-4025-880c-28334e1ad83a,amendments.hosting,available,309.99,429.99,medium,low,10,namesilo,,,02/10/2026 13:51
c554bad5-5bc0-4e48-9455-0e86cbd245c2,eyewitness.hosting,available,310.98,437.98,high,low,10,namecheap,,,29/09/2026 18:49
b186a68d-23c4-400b-b9f6-62486fd54fd1,tow.hosting,available,309.99,429.99,high,low,3,namesilo,,,30/09/2026 13:23
f604e06c-49f0-4ec1-b217-3b5bcd8b19af,eagerly.hosting,available,309.99,429.99,high,low,7,namesilo,,,14/09/2026 14:54
1a847a58-3aec-4a88-8626-ed610ff561d0,professions.hosting,available,310.98,437.98,medium,low,11,namecheap,,,19/09/2026 22:50
ac8cc4e6-8752-43b1-99ee-2f0129d53bce,commits.hosting,available,309.47,340.37,medium,low,7,porkbun,,,30/09/2026 16:09
dcb86fd4-52b2-4a39-a448-32fbc23310a9,saf.hosting,available,309.99,429.99,high,low,3,namesilo,,,30/09/2026 12:43
0296bca7-baac-4673-a0ef-e62d26a3ba7f,corvallis.hosting,available,353.32,353.32,medium,low,9,dynadot,,,30/09/2026 05:45
ff9c59a7-9afd-4d61-a760-e934787fdd12,adherent.hosting,available,309.99,329.99,high,low,8,namesilo,,,
69e32ead-846c-4a56-913b-00c447ca924a,firefighter.hosting,available,309.47,340.37,high,low,11,porkbun,,,30/09/2026 23:57
dd136da5-d5ca-4a77-bf11-f9c986f02a4d,campanile.hosting,available,309.99,429.99,high,medium,9,namesilo,,,23/09/2026 04:55
ac1a4905-0294-4831-a978-fb51c5351f3b,dimensionless.hosting,available,279.65,341.75,medium,low,13,spaceship,,,02/10/2026 01:27
b847bee6-31bc-4090-8569-c4f34a4c5e42,musty.hosting,available,309.99,329.99,medium,low,5,namesilo,,,18/08/2026 16:44
79b332f8-177b-43d7-84b6-584ba196cafb,torch.hosting,available,279.65,341.75,high,low,5,spaceship,,,28/09/2026 16:58
334169b5-596f-4201-952d-28e8758c7445,fridge.hosting,available,279.65,341.75,high,low,6,spaceship,,,29/09/2026 17:57
26374e90-345a-4d87-bb5d-1a49588613ac,starry.hosting,available,310.98,437.98,high,low,6,namecheap,,,10/09/2026 18:58
ca63f28d-d59e-44e6-adc6-9820e17b8ffa,spawning.hosting,available,279.65,341.75,medium,low,8,spaceship,,,30/09/2026 20:08
b39b78e2-262e-494b-80aa-137a6e62f440,haste.hosting,available,309.47,340.37,high,low,5,porkbun,,,27/09/2026 17:08
5c522920-a2b4-4aba-8738-d56c6853feff,hutu.hosting,available,279.65,341.75,high,low,4,spaceship,,,02/10/2026 15:46
a97b24e7-b484-43d7-b298-aa88c93a5e7d,trophy.hosting,available,309.99,429.99,high,low,6,namesilo,,,30/09/2026 13:59
e0f0d85b-eb79-4e0a-9779-58289daeeeb8,aquaculture.hosting,available,300.2,300.2,high,low,11,cloudflare,,,02/10/2026 21:37
4bfef8e9-36b6-419e-9f8c-b6129ff2f5f2,tenormin.hosting,available,310.98,437.98,medium,low,8,namecheap,,,20/09/2026 20:11
08453659-aefb-44b4-afe4-fe4a776f9b64,holding.hosting,available,279.65,341.75,high,low,7,spaceship,,,29/09/2026 02:03
0da4b17e-f379-4fd1-9217-3f10d886ed2e,lefthanded.hosting,available,309.99,429.99,high,low,11,namesilo,,,30/09/2026 22:36
b6658246-fc19-44cc-a4fe-2cafb1aa640b,academia.hosting,available,310.98,437.98,high,low,8,namecheap,,,28/09/2026 08:49
94180764-2273-4d0f-b19d-4a5911202f64,buxom.hosting,available,310.98,398,medium,low,5,namecheap,,,10/08/2026 20:28
045ff2af-cd1a-49a9-85a0-343f128b35d9,withdrawal.hosting,available,310.98,437.98,high,low,10,namecheap,,,21/09/2026 15:22
c191acb1-1246-4220-8d15-5b38fb7a5aa7,royce.hosting,available,279.65,341.75,high,low,5,spaceship,,,28/09/2026 04:09
fa55f08d-893e-43dd-a330-6a21f1708630,infertile.hosting,available,309.99,329.99,medium,low,9,namesilo,,,22/08/2026 04:24
98a33aae-6e7e-4bc7-80f3-814955622d87,corte.hosting,available,309.99,429.99,medium,low,5,namesilo,,,02/10/2026 10:36
2fa0506e-5b2b-4312-88d1-e981eb594f96,moynihan.hosting,available,310.98,437.98,medium,low,8,namecheap,,,29/09/2026 18:33
fb72daac-96b6-4be5-80f3-18ba633f3a49,pied.hosting,available,309.99,429.99,high,low,4,namesilo,,,03/09/2026 10:39
5173ccf6-eeac-4450-9e6d-d04a2a0e9072,agua.hosting,available,310.98,437.98,high,low,4,namecheap,,,17/09/2026 20:04
b00e556e-84b2-4f47-85cc-71c2b4535395,atrip.hosting,available,309.99,329.99,low,low,5,namesilo,,,07/08/2026 14:33
d9ee99fa-cd8e-420d-8ed5-0e4ad7240b79,aneurysm.hosting,available,310.98,437.98,medium,low,8,namecheap,,,19/09/2026 05:41
b45e5ba6-79a7-4191-8a48-710a81e964b8,positron.hosting,available,309.99,429.99,medium,low,8,namesilo,,,19/09/2026 14:21
a67c1889-4aa2-4d65-8251-c029e7147fc3,dike.hosting,available,309.99,329.99,medium,low,4,namesilo,,,11/08/2026 11:33
7fa0fa67-6d0f-4f02-b774-3c2f84661b74,nhl.hosting,available,309.99,429.99,high,medium,3,namesilo,,,28/09/2026 11:10
bd61612a-fb44-4fc5-8ce1-8eece5ddf152,civic.hosting,available,309.99,329.99,high,low,5,namesilo,,,12/08/2026 09:01
7301fe59-20c1-48ad-add6-eef5bab8acf4,metamorphism.hosting,available,309.99,429.99,medium,low,12,namesilo,,,30/09/2026 23:25
ef027f0e-4924-44f3-b91a-c4b63e91e18f,appreciates.hosting,available,310.98,437.98,medium,low,11,namecheap,,,20/09/2026 20:35
7f75827b-ed07-47d5-bfab-20260196943f,nuggets.hosting,available,353.32,353.32,medium,low,7,dynadot,,,02/10/2026 22:30
2f882c68-27d7-4a0e-bde1-788000d95199,sneezing.hosting,available,309.99,429.99,medium,low,8,namesilo,,,30/09/2026 11:18
777ff855-f9bc-4438-8134-b7f3d984c973,concentrate.hosting,available,309.99,429.99,high,low,11,namesilo,,,26/09/2026 00:53
9a8bc444-392d-42f9-bfad-20c037e00970,irc.hosting,available,353.32,353.32,high,low,3,dynadot,,,28/09/2026 20:54
a8e78095-9e2e-4b3d-82e6-0a2cc56cec93,consult.hosting,available,279.65,341.75,high,low,7,spaceship,,,30/09/2026 17:45
2e27ed3e-6134-43c3-b4f2-fe4d2dfb2776,unskilled.hosting,available,309.99,329.99,medium,low,9,namesilo,,,
11f550ec-79f6-4d6f-8ea5-ef420739bb92,smartly.hosting,available,309.99,429.99,high,low,7,namesilo,,,28/09/2026 13:57
04c697eb-5ded-4ea6-9a38-d606a445f28e,derived.hosting,available,309.99,329.99,medium,low,7,namesilo,,,14/08/2026 03:07
d73e202c-571a-4eea-94ad-3edfd7635ff8,sleazy.hosting,available,309.99,329.99,medium,low,6,namesilo,,,11/08/2026 09:04
9b3b9273-cb0c-4e0a-af47-f7c8293b3070,regionally.hosting,available,309.99,429.99,medium,low,10,namesilo,,,15/09/2026 22:57
ceaf71e4-e4f5-45f9-8fc5-e675778e592b,authorization.hosting,available,353.32,353.32,medium,low,13,dynadot,,,28/09/2026 08:21
50178866-7a18-4da5-91fc-e2be7ff1b2d3,jerusalem.hosting,available,300.2,300.2,medium,low,9,cloudflare,,,28/09/2026 09:14
82bd6bfd-d37d-4ef2-a0e3-0e61d02d24bb,herrera.hosting,available,309.99,429.99,medium,low,7,namesilo,,,28/09/2026 04:13
b45c65db-61fa-460c-9421-e916269ef2c3,suntan.hosting,available,309.99,429.99,high,low,6,namesilo,,,11/09/2026 07:52
11e626d8-1271-4f45-a94e-aae1352ee855,pliny.hosting,available,279.65,341.75,medium,low,5,spaceship,,,28/09/2026 01:57
d67527f7-75ca-4431-bad7-4f1b221f7d4f,sailed.hosting,available,310.98,437.98,high,low,6,namecheap,,,17/09/2026 07:33
c58612e5-bebc-4be2-a25b-fc43a0c581fb,rightish.hosting,available,309.99,429.99,medium,low,8,namesilo,,,09/09/2026 17:35
c651562a-6212-40f8-982b-8035095bcd8a,sauce.hosting,available,279.65,341.75,high,low,5,spaceship,,,30/09/2026 10:35
974524e2-126c-4472-99b3-14016b637d04,soh.hosting,available,309.99,429.99,medium,low,3,namesilo,,,16/09/2026 03:36
b8c66ddb-be21-4e00-bbe3-b33615d2c09a,velvet.hosting,available,279.65,341.75,high,low,6,spaceship,,,28/09/2026 10:12
33dae32a-9de6-4be4-8827-431f27ad4cac,aquamarine.hosting,available,309.99,429.99,high,low,10,namesilo,,,19/09/2026 22:49
59f3ac1a-8eeb-47a5-bd4b-62206ae0662c,swift.hosting,premium,1690,1690,high,high,5,namecheap,,,24/09/2026 20:01
57804baa-b94e-4b66-8ab2-8784f8c78098,clinton.hosting,available,309.99,429.99,high,low,7,namesilo,,,23/09/2026 15:58
c22c60e5-4419-4add-b916-e13099abc414,disarm.hosting,available,279.65,341.75,high,low,6,spaceship,,,30/09/2026 11:23
30de3a11-209a-4d38-8fcd-e8880b3bd262,leah.hosting,available,309.99,429.99,high,low,4,namesilo,,,27/09/2026 07:15
5bb9c7f2-c5a6-4829-9c1f-09ba5944ef78,stitches.hosting,available,309.99,329.99,medium,low,8,namesilo,,,
3cab9366-fd89-451d-9780-ba8bc23caa3f,razed.hosting,available,309.99,329.99,medium,low,5,namesilo,,,14/08/2026 01:24
a6d53fcc-d9cd-4ffe-b4db-f265559a480e,stupe.hosting,available,309.99,429.99,medium,low,5,namesilo,,,10/09/2026 23:06
dc98ab13-578e-4d62-94bb-8bdf842176d1,presidents.hosting,available,353.32,353.32,medium,low,10,dynadot,,,28/09/2026 23:13
ee2d9bbd-5414-4697-9a95-c67d1f93a83f,weston.hosting,available,309.99,429.99,high,low,6,namesilo,,,25/09/2026 05:16
bdec877a-db7e-4929-8cf6-4c51fa41a23f,designs.hosting,premium,1729,1729,high,low,7,namesilo,,,30/09/2026 20:49
3b1fe905-00c3-46a8-bd4e-45c92fc51b4d,charabanc.hosting,available,309.99,429.99,medium,low,9,namesilo,,,21/09/2026 05:58
07f26716-135c-45c6-937a-c407394101bd,combatant.hosting,available,309.99,329.99,high,low,9,namesilo,,,09/08/2026 13:29
b9dccae3-881e-408b-bbfb-dddcad1e791e,bullheaded.hosting,available,309.99,329.99,medium,low,10,namesilo,,,11/08/2026 08:30
928d88c2-936b-4891-9571-55c6ebece425,trajectory.hosting,available,309.47,340.37,high,low,10,porkbun,,,29/09/2026 20:33
7d44b740-a547-4bc5-8677-34af2af7551a,ossicular.hosting,available,310.98,437.98,medium,low,9,namecheap,,,04/09/2026 18:22
1af9b6de-a2d3-470c-8419-91f4669f1b1d,carnal.hosting,available,309.99,329.99,high,low,6,namesilo,,,
197c1413-088d-4148-98e9-6d339ded28eb,buttocks.hosting,available,309.99,329.99,medium,low,8,namesilo,,,09/08/2026 10:25
21d8223d-b65f-47bc-b5fa-1570012b923f,lowe.hosting,available,309.47,340.37,high,low,4,porkbun,,,29/09/2026 15:01
f7750797-3c91-4551-a70a-0bffbc72c3f9,pesos.hosting,available,309.99,429.99,medium,low,5,namesilo,,,30/09/2026 06:56
d8d9caf9-d857-49d8-b4c5-d770ca44e45d,loretta.hosting,available,279.65,341.75,medium,low,7,spaceship,,,28/09/2026 22:00
66645ea8-3752-4176-bc2b-25421da1ad3e,anthozoa.hosting,available,310.98,437.98,medium,low,8,namecheap,,,17/09/2026 05:01
6e8d7307-e1cd-46df-8b4c-0e6a3d761d03,coincide.hosting,available,279.65,341.75,high,low,8,spaceship,,,29/09/2026 14:11
c0d97b63-3ba4-4301-9eb3-66c4e98c9919,donatus.hosting,available,310.98,437.98,medium,low,7,namecheap,,,17/09/2026 12:26
c8150a2b-9ebd-42a9-9d49-4edf0c273e4f,counteract.hosting,available,309.99,429.99,high,low,10,namesilo,,,03/10/2026 00:13
1450069a-5e4e-4e13-8968-a7118110c857,soles.hosting,available,309.99,429.99,medium,low,5,namesilo,,,02/10/2026 22:40
e109cc61-0f3f-44ac-8b3f-fa20bf6747d3,conjoined.hosting,available,309.99,329.99,medium,low,9,namesilo,,,12/08/2026 22:03
407bfcf4-f691-4cb5-9dfd-24258d8cd31e,sentencing.hosting,available,309.47,340.37,high,low,10,porkbun,,,29/09/2026 23:41
7717d439-2f4e-4b08-91de-f2e9f7ec6cd8,marijuana.hosting,resell,,,high,low,9,1API GmbH,14/09/2016 17:36,14/09/2027 23:59,29/09/2026 07:08
7e401b49-a7e2-4a50-b64a-33fb3b57802c,cheerleading.hosting,available,310.98,437.98,high,low,12,namecheap,,,02/10/2026 21:40
0d400dab-effd-4a25-aadc-6c3580073793,aleutian.hosting,available,309.99,329.99,medium,low,8,namesilo,,,
4bedbf4a-4830-4d8b-8f64-aae06247baaa,sandalled.hosting,available,310.98,437.98,high,medium,9,namecheap,,,09/09/2026 21:12
756ea58d-cc97-49c0-b903-3bf37ee67553,mohammed.hosting,available,300.2,300.2,high,low,8,cloudflare,,,30/09/2026 17:57
93db1f13-3e07-4567-822f-fb5460e465e3,margherita.hosting,available,279.65,341.75,high,low,10,spaceship,,,02/10/2026 18:19
aca6f958-31b9-4810-9811-8cc2693707f2,turret.hosting,available,279.65,341.75,high,low,6,spaceship,,,01/10/2026 19:53
c97302fa-f520-41d2-89a8-d6c5249ab9cd,billfold.hosting,available,309.99,429.99,high,low,8,namesilo,,,23/09/2026 16:16
f76af72e-437f-4935-bd14-27ba53b17e1c,creature.hosting,available,309.99,429.99,high,low,8,namesilo,,,22/09/2026 04:42
1ccb96b3-b0c8-488c-9253-08f5c43ab3a2,orozco.hosting,available,300.2,300.2,medium,low,6,cloudflare,,,02/10/2026 05:31
cb1c89a7-1a1f-466a-bd49-2e549c50dfd0,tabs.hosting,available,309.99,429.99,medium,low,4,namesilo,,,20/09/2026 01:36
720fd0d4-fa66-4d7a-89d1-c7f07be24c51,sludge.hosting,available,279.65,341.75,high,low,6,spaceship,,,01/10/2026 02:19
747c142a-b9b0-460b-8829-4ce29603e75c,actionable.hosting,available,309.99,429.99,high,low,10,namesilo,,,21/09/2026 16:28
b478f890-da1c-4874-b9fa-da13bbb5a4ca,primates.hosting,available,309.99,429.99,high,low,8,namesilo,,,30/09/2026 02:24
1ff1f2c0-ddcd-4019-968c-ddfcb5834a07,fundamentally.hosting,available,279.65,341.75,medium,low,13,spaceship,,,29/09/2026 20:57
46e8cadb-1f07-4f4a-8c3f-a3fbde855737,unwashed.hosting,available,310.98,437.98,medium,low,8,namecheap,,,08/09/2026 21:02
93d0ab37-ee77-458a-82f0-62fad64e61d9,halls.hosting,available,309.99,429.99,high,low,5,namesilo,,,28/09/2026 13:17
f6b58bb2-d338-4611-af94-188f7a474c9d,brainy.hosting,available,309.99,329.99,high,low,6,namesilo,,,11/08/2026 01:53
be7495ff-db33-4a8f-b476-ac88c2fb966e,rubs.hosting,available,309.99,429.99,medium,low,4,namesilo,,,20/09/2026 09:37
fca759bd-5791-400a-9944-04886c74276d,abscissa.hosting,available,309.99,429.99,medium,low,8,namesilo,,,16/09/2026 17:32
e2dd4716-a46a-47aa-87a1-0fcb7fecedcb,staffed.hosting,available,279.65,341.75,high,low,7,spaceship,,,02/10/2026 22:02
0438be70-cc58-47de-a27a-5b71e2056810,wednesday.hosting,available,309.99,429.99,high,low,9,namesilo,,,13/09/2026 09:32
9e099776-3ea8-4530-a2ba-ba2b22cf51c2,networks.hosting,available,599.99,599.99,high,low,8,name.com,,,19/09/2026 17:41
a6417a19-abb3-47a4-80a3-75f249e66ff0,ve.hosting,premium,1345.7,1345.7,high,low,3,spaceship,,,30/09/2026 21:19
14de6a5d-84bc-4454-a280-e0beabe567df,ripped.hosting,available,309.99,429.99,high,low,6,namesilo,,,27/09/2026 17:41
496b4428-a080-4a77-8a90-6b4db85a183e,reporters.hosting,available,279.65,341.75,medium,low,9,spaceship,,,28/09/2026 00:38
ff17ed9b-4371-4607-bad5-b192507c05b8,goh.hosting,available,310.98,437.98,high,low,3,namecheap,,,02/10/2026 18:56
d884246c-c071-42ed-a632-330fbf9f4782,morrow.hosting,available,300.2,300.2,high,low,6,cloudflare,,,01/10/2026 20:41
c0b10a1b-66cc-4b4d-9820-d4f300fbdc90,access.hosting,premium,1729,1729,high,medium,6,namesilo,,,19/09/2026 12:18
8db945fa-ce9b-4245-abf2-afd1c46b5423,otiose.hosting,available,310.98,398,medium,low,6,namecheap,,,17/08/2026 20:56
e078c115-623d-427c-b4e0-6f679008c213,rubbed.hosting,available,310.98,437.98,medium,low,6,namecheap,,,17/09/2026 07:54
2de2f451-daf1-48b5-b147-e9be31412c68,wharton.hosting,premium,1729,1729,high,low,7,namesilo,,,25/09/2026 22:32
daa408de-52f7-48b1-872f-2df984022890,hack.hosting,available,699.99,699.99,high,medium,4,godaddy,,,28/09/2026 01:47
3ea37b2b-a978-46e1-b7fc-3ca87916d5ed,windless.hosting,available,309.99,429.99,medium,low,8,namesilo,,,13/09/2026 12:14
aab9f494-d0e9-46cd-a6fa-521392fcd20e,woodlawn.hosting,available,310.98,437.98,medium,low,8,namecheap,,,29/09/2026 22:48
7f3eb8ef-7a52-4aac-91d0-31764fb17b35,swamps.hosting,available,309.99,429.99,medium,low,6,namesilo,,,30/09/2026 15:45
4a057ca8-5c5f-4ff6-8207-7859fce92abe,healthful.hosting,available,309.99,329.99,high,low,9,namesilo,,,21/08/2026 02:02
58ededd1-f681-4499-8e91-8bf1a62831c3,hopeful.hosting,available,309.99,429.99,high,low,7,namesilo,,,22/09/2026 09:48
aa371ae5-5b1c-466e-a02d-20834878af96,scored.hosting,available,353.32,353.32,medium,low,6,dynadot,,,27/09/2026 23:20
c6507034-eec2-4582-865c-6fe88aa57ab6,clarkson.hosting,available,310.98,437.98,medium,low,8,namecheap,,,27/09/2026 01:50
1b3f5f40-c0ea-4ee5-97da-0f38b3a6eca5,theorize.hosting,available,309.99,429.99,high,low,8,namesilo,,,24/09/2026 17:19
8e1d6b59-a677-44f5-be6d-c9ae6642658b,poole.hosting,available,310.98,437.98,high,low,5,namecheap,,,25/09/2026 17:31
31181b0d-afe4-427d-a55f-1ddb482f649e,cuisine.hosting,available,279.65,341.75,high,low,7,spaceship,,,30/09/2026 21:07
c9acd619-b53e-4b42-8f3c-2b573bfa45a9,tlc.hosting,available,300.2,300.2,high,medium,3,cloudflare,,,29/09/2026 14:03
87126295-b8b3-4737-9786-2378cba2f8a3,felicitous.hosting,available,309.99,329.99,medium,low,10,namesilo,,,18/08/2026 00:51
9f21d5d5-18b4-4890-866d-efa99d00cee6,footprint.hosting,available,300.2,300.2,high,low,9,cloudflare,,,29/09/2026 12:23
5b34580b-d75b-46c4-ac2c-9472b75a17be,biting.hosting,available,309.99,329.99,medium,low,6,namesilo,,,08/08/2026 16:41
fb83316b-2f51-49f9-8b2d-bdeaf60798d3,gallus.hosting,available,300.2,300.2,high,low,6,cloudflare,,,02/10/2026 04:58
11599b3a-a797-4920-8dba-1a7713467bd3,april.hosting,available,309.99,429.99,high,medium,5,namesilo,,,28/09/2026 21:59
e69b42bf-18a9-418f-9316-855703ae4e97,upanishads.hosting,available,300.2,300.2,medium,low,10,cloudflare,,,02/10/2026 22:57
69a48ff3-6918-4d29-9528-de82061d4158,eolotropic.hosting,available,309.99,329.99,medium,low,10,namesilo,,,
43f2bb47-fc99-4b6e-808f-e744a89b85be,swishy.hosting,available,309.99,429.99,medium,low,6,namesilo,,,11/09/2026 05:54
7a9b4196-94fe-4d6a-a18a-a30b4d7662fc,gouty.hosting,available,310.98,398,medium,low,5,namecheap,,,20/08/2026 17:18
64e9bae3-91ec-40ba-90a9-b3d2c5159beb,merely.hosting,available,309.99,429.99,medium,low,6,namesilo,,,25/09/2026 12:17
35c86d88-c717-4e9f-853e-127b960b6636,substrates.hosting,available,310.98,437.98,medium,low,10,namecheap,,,25/09/2026 21:45
622145e7-e3e9-4af4-a77f-aa029cdd0537,waive.hosting,available,309.99,329.99,high,low,5,namesilo,,,18/08/2026 11:49
f97eec42-a527-48a3-9f6c-8bfa23ac3d90,acrid.hosting,available,309.99,329.99,medium,low,5,namesilo,,,
ede1d8d8-abac-444b-b2cc-ba4a13ca5440,shipowner.hosting,available,279.65,341.75,medium,low,9,spaceship,,,01/10/2026 21:39
278dc807-0f8f-4abc-92fb-58201cb13c5f,lectures.hosting,available,279.65,341.75,low,low,8,spaceship,,,29/09/2026 05:25
ace3c056-fa4b-4fbc-a9ad-35234b910b25,solo.hosting,available,279.65,341.75,high,high,4,spaceship,,,27/09/2026 23:47
aafbe644-1ff5-46f4-9a48-d2df8d97ba47,expedition.hosting,available,310.98,437.98,high,low,10,namecheap,,,29/09/2026 18:24
90d4b06e-20da-4763-889c-de1b11e421dc,flannel.hosting,available,300.2,300.2,high,low,7,cloudflare,,,02/10/2026 04:47
c73ac3da-df60-450e-b397-4d6b24b9a4ef,pathetic.hosting,available,309.99,329.99,medium,low,8,namesilo,,,20/08/2026 23:50
6e399791-fb02-4c20-96cd-fcc14875230c,bedframe.hosting,available,310.98,437.98,high,low,9,namecheap,,,22/09/2026 23:17
d0bbaed0-f2c6-47e8-ba18-805c7894131a,quaggy.hosting,available,309.99,329.99,medium,low,6,namesilo,,,10/08/2026 17:10
86643260-b57d-4694-b39c-d3e64d622a89,filtering.hosting,available,300.2,300.2,high,low,9,cloudflare,,,30/09/2026 23:23
4ac33e4a-da02-4308-96bc-d0c33779b340,nissen.hosting,available,310.98,437.98,medium,low,6,namecheap,,,02/10/2026 18:46
5d80184b-ad21-4947-86d5-c048e3e3f3c7,peaks.hosting,available,309.99,429.99,high,low,5,namesilo,,,29/09/2026 17:03
cf2ba5b3-ed38-4829-b926-e119e9379592,staggering.hosting,available,310.98,437.98,medium,low,10,namecheap,,,10/09/2026 18:08
8902f34b-3a6b-4f8e-9603-fd73fb4f232d,inexorable.hosting,available,309.99,329.99,medium,low,10,namesilo,,,
6419f7b2-54a8-49b1-a67e-9bdca78c9f36,flashily.hosting,available,310.98,437.98,medium,low,8,namecheap,,,14/09/2026 18:54
a5f980de-5b36-425d-87c3-7d179352b20a,atlanta.hosting,available,310.98,437.98,high,low,7,namecheap,,,20/09/2026 21:31
0a8e3470-b948-4f61-b86a-c9befc31ffa8,nobel.hosting,premium,1729,1729,high,low,5,namesilo,,,18/09/2026 06:24
da51e65d-44de-486b-a7a0-0a5d83561791,sounding.hosting,available,309.99,429.99,high,low,8,namesilo,,,25/09/2026 14:20
479bf6eb-2cfa-4a7b-9f15-221e888fa9e1,acetal.hosting,available,309.99,429.99,medium,low,6,namesilo,,,16/09/2026 23:47
e775584e-6eb5-4afe-9902-d8d1af4173f5,ration.hosting,available,309.99,429.99,high,low,6,namesilo,,,30/09/2026 02:40
aaa9426b-c9c9-4177-9d06-2a43384360f1,researchers.hosting,available,309.99,429.99,medium,low,11,namesilo,,,18/09/2026 17:37
48f4bcde-8591-4a05-9108-0aa741a261fe,voidable.hosting,available,309.99,429.99,medium,low,8,namesilo,,,09/09/2026 14:47
33e2fc7c-ff32-4408-a829-29f77a035491,wasp.hosting,available,309.99,429.99,high,low,4,namesilo,,,29/09/2026 14:06
4ef80b01-e49f-4dc6-aeae-311dbab66cd5,members.hosting,available,309.99,429.99,medium,low,7,namesilo,,,25/09/2026 17:16
3b6a3c92-3aa5-4e70-a1b5-692038ed31c5,dia.hosting,available,300.2,300.2,high,medium,3,cloudflare,,,02/10/2026 14:50
7b30c99b-6c05-4caa-bed9-30794ef374cd,last.hosting,available,309.99,429.99,high,low,4,namesilo,,,30/09/2026 14:49
552c772c-04ba-4a3b-b766-5b471c7f41c1,aave.hosting,available,310.98,437.98,medium,low,4,namecheap,,,16/09/2026 13:38
65fbf420-6246-46e7-add4-8d556fb9a9f4,grow.hosting,premium,1690,1690,high,medium,4,namecheap,,,25/09/2026 18:10
a64f3993-6690-4b8e-9505-beb62a50c778,warty.hosting,available,309.99,429.99,medium,low,5,namesilo,,,13/09/2026 04:24
b546b7f1-cadf-4a40-92bb-9356ee69ff9f,unfolded.hosting,available,279.65,341.75,high,low,8,spaceship,,,02/10/2026 21:56
d9dfd2da-22f0-4d5f-85f5-e782fba237c4,steinbeck.hosting,available,309.47,340.37,high,low,9,porkbun,,,01/10/2026 02:45
32f75f7c-ee68-49df-be5c-ef37207667f3,evil.hosting,available,310.98,437.98,high,medium,4,namecheap,,,24/09/2026 15:41
35055a47-8ab1-4a8b-b0b5-0d936124a1c1,nomination.hosting,available,309.99,429.99,high,low,10,namesilo,,,28/09/2026 14:58
4726b768-7208-49ce-97ea-e9de52e57a13,thriving.hosting,available,279.65,341.75,high,low,8,spaceship,,,01/10/2026 15:36
04014c5d-8e34-47fd-aa20-ce03f1cae527,brisbane.hosting,available,279.65,341.75,high,low,8,spaceship,,,01/10/2026 01:13
47b4ac18-a702-413f-9d45-fb1feccee015,acetabular.hosting,available,309.99,329.99,medium,low,10,namesilo,,,
d785caae-85b7-4dad-97ec-cc461b9b5722,berserker.hosting,available,309.99,329.99,medium,low,9,namesilo,,,09/08/2026 15:17
b90b3ec3-2a49-42c4-be66-a87a66b657d7,grain.hosting,available,300.2,300.2,high,low,5,cloudflare,,,28/09/2026 01:37
d2cc21c5-5253-4d6f-a294-c536655bf05b,cheek.hosting,available,309.99,429.99,high,low,5,namesilo,,,24/09/2026 11:22
98f08d46-4b2c-481f-9d8f-6b3911dc4637,asklepios.hosting,available,309.99,429.99,medium,low,9,namesilo,,,17/09/2026 13:21
cc50e94c-2343-42bc-9e7e-bdb31c576b2e,tramontana.hosting,available,310.98,437.98,medium,low,10,namecheap,,,11/09/2026 18:50
34eda3a3-a4f9-4b14-9307-6596c5ccafba,sported.hosting,available,309.99,429.99,medium,low,7,namesilo,,,20/09/2026 16:50
cb761679-1390-4977-a640-995aa669a0e4,concerted.hosting,available,310.98,398,high,low,9,namecheap,,,12/08/2026 20:06
54551974-4129-4eae-ab1e-871e7bd8358b,filth.hosting,available,279.65,341.75,high,low,5,spaceship,,,29/09/2026 06:40
3934d3f3-4c04-4841-befe-ae4a295a7437,bills.hosting,premium,1729,1729,medium,low,5,namesilo,,,18/09/2026 06:49
6678e719-774e-4e32-b045-9b826578866f,interference.hosting,available,309.47,340.37,medium,low,12,porkbun,,,28/09/2026 21:09
c41c3e4c-f62e-40d4-b532-1c898019dfe5,laden.hosting,available,309.99,329.99,medium,low,5,namesilo,,,22/08/2026 18:30
6e1a1cb7-7c26-4692-8bb2-e020052557a1,convinces.hosting,available,353.32,353.32,medium,low,9,dynadot,,,02/10/2026 22:25
38cd4d0d-055e-460c-bcf9-724ba6670e14,lawrence.hosting,available,309.99,429.99,high,low,8,namesilo,,,25/09/2026 04:32
63194d1b-71be-49f2-9b38-47f963399004,bipolar.hosting,available,309.99,329.99,high,low,7,namesilo,,,10/08/2026 05:30
a782ee92-1210-44fc-b29b-5706336b3762,apse.hosting,available,309.99,429.99,high,low,4,namesilo,,,19/09/2026 22:33
266d8987-9126-4868-ba54-f1d5a0638e11,praetorian.hosting,available,309.99,429.99,high,medium,10,namesilo,,,09/09/2026 00:58
91f1b0ee-20b4-49c1-96f7-12818e4a8956,door.hosting,available,310.98,437.98,high,low,4,namecheap,,,19/09/2026 10:21
8376073c-c736-468f-8c61-94f55c6c0eb3,mass.hosting,available,309.99,429.99,high,low,4,namesilo,,,01/10/2026 08:49
41484e41-dd03-491e-991b-0dc261dfad06,gsm.hosting,available,300.2,300.2,high,low,3,cloudflare,,,29/09/2026 15:14
1f2d50a1-31fa-468e-8d22-f1c693057dc5,terrifies.hosting,available,309.99,429.99,low,low,9,namesilo,,,18/09/2026 07:37
fdd80321-0967-4bb3-9606-b4122e2a0bb6,fought.hosting,available,309.99,329.99,medium,low,6,namesilo,,,
a495b068-1f36-4ead-9c45-d4f74602710e,gemmed.hosting,available,310.98,398,medium,low,6,namecheap,,,18/08/2026 21:08
14328808-f939-4779-b68a-fcc0876bae1b,logo.hosting,available,279.65,341.75,high,low,4,spaceship,,,30/09/2026 21:05
e65f633b-86a8-473d-bf8a-6e1d22387f8c,impersonal.hosting,available,309.99,329.99,medium,low,10,namesilo,,,21/08/2026 22:13
c015b972-4349-40a9-a74b-3b4a1f0bd468,regan.hosting,available,309.47,340.37,medium,low,5,porkbun,,,28/09/2026 07:56
66f9bd9e-0ef1-4976-b810-69ea819c6e18,impression.hosting,available,309.99,429.99,high,low,10,namesilo,,,29/09/2026 23:38
cead54db-a3ed-4b24-9c93-e335d0f06b2c,theist.hosting,available,309.99,429.99,medium,low,6,namesilo,,,11/09/2026 12:37
eeb8d57b-4cd0-4114-9c2c-553fb2fe26b8,bissau.hosting,available,310.98,437.98,medium,low,6,namecheap,,,23/09/2026 22:06
3f6f6b25-fe95-42d4-abb6-8c7ad68f78c6,sublimate.hosting,available,309.99,429.99,medium,low,9,namesilo,,,11/09/2026 00:01
555e92c4-34b4-4db4-b248-1421ac2403c6,possessed.hosting,available,309.99,429.99,medium,low,9,namesilo,,,28/09/2026 03:28
22fc4c52-cf2d-461b-99b7-63b2a266539d,infer.hosting,available,310.98,437.98,high,low,5,namecheap,,,03/10/2026 02:29
d3996653-42c8-4708-ac9b-c69767257455,psalms.hosting,available,310.98,437.98,high,low,6,namecheap,,,24/09/2026 07:04
7521471f-b31e-4643-bd0a-e0c89c0db0d9,greyish.hosting,available,310.98,398,medium,low,7,namecheap,,,20/08/2026 18:54
5831b128-262d-4bf8-a444-a9dae08118f3,sheriffs.hosting,available,279.65,341.75,medium,low,8,spaceship,,,02/10/2026 03:01
09c600da-20c0-4e33-8a68-b3bd15694b43,sections.hosting,available,353.32,353.32,medium,low,8,dynadot,,,29/09/2026 05:14
a2a85ff2-89c8-4a5f-bff0-130ee703721f,dogs.hosting,available,309.99,429.99,high,low,4,namesilo,,,17/09/2026 11:22
4dc05c79-954e-4bc6-99e1-81702029509b,leash.hosting,available,309.99,329.99,high,low,5,namesilo,,,
3ca929b1-aa18-469f-a1c7-3ef86eb6d2b4,booklist.hosting,available,310.98,437.98,high,low,8,namecheap,,,02/10/2026 03:01
c0cb53a0-7175-4076-b743-89cc250afd70,judith.hosting,available,279.65,341.75,high,low,6,spaceship,,,28/09/2026 05:18
1a21d6f6-0942-4e46-b3e6-4dfab930d781,extraction.hosting,available,309.99,429.99,high,low,10,namesilo,,,29/09/2026 06:50
12e0aa51-6106-47a7-8202-71d51505ca8d,peck.hosting,available,309.99,329.99,high,low,4,namesilo,,,25/08/2026 00:37
80543b96-9e61-4749-8726-983e93fcc011,clearly.hosting,available,309.99,429.99,high,low,7,namesilo,,,28/09/2026 13:55
2ad63eee-a7a0-4759-92a2-a4d5ca02e731,dames.hosting,available,300.2,300.2,medium,low,5,cloudflare,,,30/09/2026 15:29
63164f34-eb7d-4717-b325-b76a355bba47,purchase.hosting,available,309.99,429.99,high,low,8,namesilo,,,29/09/2026 05:36
3ef044be-ac56-45c3-ba36-f44d13a8a308,townes.hosting,available,300.2,300.2,high,low,6,cloudflare,,,02/10/2026 23:57
b7cd626b-3d97-45c8-a6e5-56cfaf114fe9,chirpy.hosting,available,309.99,329.99,high,low,6,namesilo,,,12/08/2026 06:03
8573fc96-9e9b-4e3b-b2ad-9a960157c090,landlords.hosting,available,309.99,429.99,high,low,9,namesilo,,,02/10/2026 23:18
11ad9f41-4009-44f0-99b7-1677967a155d,seniors.hosting,available,279.65,341.75,medium,low,7,spaceship,,,29/09/2026 05:13
139f4a8b-2a9c-4162-a727-fcf2d65d4642,goddamned.hosting,available,309.99,329.99,medium,low,9,namesilo,,,10/08/2026 12:48
82888e30-2f2e-4b2b-9b2e-479e59be10ea,sanjay.hosting,available,279.65,341.75,high,low,6,spaceship,,,01/10/2026 16:51
6f1e9311-1e0c-4f89-8d27-28b261894ea4,technically.hosting,available,309.99,429.99,high,low,11,namesilo,,,19/09/2026 04:54
9a4b3590-3d43-4e9b-bf61-b48b5b577d9d,caloric.hosting,available,309.99,329.99,medium,low,7,namesilo,,,11/08/2026 15:07
b0eb5ebf-8eb2-4dcb-af1b-b119d821c197,automobiles.hosting,available,309.99,429.99,high,low,11,namesilo,,,17/09/2026 22:53
12e74adb-7fc1-41dc-966c-051bd2e24da8,multimedia.hosting,available,309.99,429.99,high,low,10,namesilo,,,30/09/2026 02:20
70f6f460-9499-46f1-b535-9178b03c3e05,azonal.hosting,available,309.99,329.99,medium,low,6,namesilo,,,08/08/2026 02:27
072676dc-d8b4-4920-958b-7fbfe8bd7901,hardcover.hosting,available,309.99,329.99,high,low,9,namesilo,,,21/08/2026 00:44
1d916f83-86d4-42f2-84c4-81ea670229f3,fahrenheit.hosting,available,309.99,329.99,high,medium,10,namesilo,,,17/08/2026 20:40
704eaf7e-156c-4bd9-9a63-fc8b762114f7,stadium.hosting,available,309.47,340.37,high,low,7,porkbun,,,28/09/2026 03:07
632c7bd9-e4f6-4d96-86c6-963db322d61e,umbilical.hosting,available,309.99,429.99,high,low,9,namesilo,,,11/09/2026 23:00
07e02cf4-b5cf-41fc-8397-6b4fe5e5cf91,cannes.hosting,available,309.99,429.99,high,low,6,namesilo,,,24/09/2026 12:04
3e332d63-8559-4a35-bc9a-8d90193cf751,thief.hosting,available,309.99,429.99,high,low,5,namesilo,,,30/09/2026 11:55
d731318e-d0b3-434d-bfab-9b4bf029eef1,foes.hosting,available,309.99,429.99,low,low,4,namesilo,,,18/09/2026 06:38
6ce884bf-38e3-4371-ab25-c7483f7874a1,unattached.hosting,available,309.99,329.99,medium,low,10,namesilo,,,18/08/2026 14:48
6d41c106-a31d-43be-8161-d62e72496e54,licking.hosting,available,309.99,429.99,medium,low,7,namesilo,,,13/09/2026 11:11
976695b6-0e10-4963-b715-7535e0d325e7,bully.hosting,available,309.99,329.99,high,low,5,namesilo,,,08/08/2026 12:15
fd7f6465-4742-4992-a7cf-7bdc7fe94c82,photocopying.hosting,available,310.98,437.98,medium,low,12,namecheap,,,20/09/2026 03:35
7b20ef48-d96e-4c6f-8d80-a85a5f4927a3,polishing.hosting,available,309.99,429.99,high,medium,9,namesilo,,,10/09/2026 06:31
45086a67-10c4-46c6-aa96-540b0ad53c1f,ellipsoid.hosting,available,309.99,329.99,medium,low,9,namesilo,,,16/08/2026 04:37
8fde27f4-3d1e-4188-8471-c787661d335c,methionine.hosting,available,279.65,341.75,medium,low,10,spaceship,,,30/09/2026 02:16
9b7d632d-1232-456b-bedc-6d99c5477561,sandinista.hosting,available,300.2,300.2,medium,low,10,cloudflare,,,01/10/2026 23:29
017e39da-a7cb-4745-b40d-be79e222e22a,zorn.hosting,available,300.2,300.2,medium,low,4,cloudflare,,,02/10/2026 19:20
cdb993c3-800b-4d9a-b897-66c547b01127,asserted.hosting,available,309.99,329.99,medium,low,8,namesilo,,,07/08/2026 05:54
049d99b5-1d09-4ed1-9669-0b24a4224aea,anaglyphic.hosting,available,309.99,329.99,medium,low,10,namesilo,,,
723fc79c-6cbc-4260-9287-ec0fdeca3f7f,fleet.hosting,premium,1690,1690,high,high,5,namecheap,,,24/09/2026 19:57
e2f73c3d-2c0a-4bc2-b35e-26eb3335b1d1,monkeypod.hosting,available,309.99,429.99,medium,low,9,namesilo,,,18/09/2026 03:14
6ce27711-f7a2-4584-9209-135f10a12805,lowly.hosting,available,309.99,329.99,medium,low,5,namesilo,,,08/08/2026 21:38
6e26790d-5c4b-442c-8332-487cbce395cc,necromancy.hosting,available,309.99,429.99,medium,low,10,namesilo,,,23/09/2026 23:53
4a41f658-a7ac-4738-922f-d543b2f2a268,embraces.hosting,available,310.98,437.98,medium,low,8,namecheap,,,02/10/2026 22:20
a99aec9d-4155-4844-ac3a-26dea3313bf8,topped.hosting,available,310.98,437.98,medium,low,6,namecheap,,,11/09/2026 17:53
63608748-55da-46e3-a94a-c42c20cc2d51,alar.hosting,available,309.99,329.99,medium,low,4,namesilo,,,
f03f624c-4296-4697-96c8-4beaefe841cb,samurai.hosting,available,279.65,341.75,high,low,7,spaceship,,,29/09/2026 20:16
f5dcfcf8-010f-47b4-940c-a7e7c241cc6b,pensive.hosting,available,309.99,329.99,medium,low,7,namesilo,,,11/08/2026 06:00
e4f9a755-1dcc-44e5-9aa8-b61de74fe68d,keyrings.hosting,available,309.99,429.99,medium,low,8,namesilo,,,20/09/2026 12:08
965b9517-c7ae-41d0-a247-c63b583b8ca9,declined.hosting,available,279.65,341.75,low,low,8,spaceship,,,28/09/2026 22:47
d3b7d58e-a856-49d3-aca7-664aff850554,semifinal.hosting,available,309.99,429.99,high,low,10,namesilo,,,16/09/2026 09:45
f3d42114-0e0d-4343-847f-d29bedf9d419,journey.hosting,available,309.99,429.99,high,medium,7,namesilo,,,30/09/2026 00:58
07707b51-eb5b-4f64-8fad-b0f4b96d0450,arrows.hosting,available,310.98,437.98,medium,low,6,namecheap,,,17/09/2026 06:24
b445adfd-aa72-443e-b389-236465f92861,snaps.hosting,available,310.98,437.98,medium,low,5,namecheap,,,18/09/2026 11:55
5551c8cf-8263-4e34-9d43-ec167371cd3d,bathos.hosting,available,310.98,437.98,medium,low,6,namecheap,,,22/09/2026 13:49
8ab5f3c9-7b2a-44e7-9b1a-972f090ed8cd,spines.hosting,available,279.65,341.75,medium,low,6,spaceship,,,02/10/2026 22:03
6442c630-feda-4287-88b1-9d3597dcafa2,beauties.hosting,available,300.2,300.2,medium,low,8,cloudflare,,,30/09/2026 23:49
62abf5f2-2bf3-4787-82b7-0c222e5d61cc,azores.hosting,available,309.99,429.99,medium,low,6,namesilo,,,17/09/2026 02:13
6134c482-6d0e-4eec-86b3-14611cf862a8,arguably.hosting,available,310.98,437.98,medium,low,8,namecheap,,,13/09/2026 20:45
1fe03e73-8c3e-44fa-ba5c-2e152e08c3f5,statuary.hosting,available,310.98,437.98,medium,low,8,namecheap,,,10/09/2026 19:16
9b276f5c-2951-466f-b219-3b3a9eed1ddf,rapture.hosting,available,300.2,300.2,high,low,7,cloudflare,,,02/10/2026 04:40
bd3d2cac-e9c5-49b5-ba7d-e0319bfb1dfa,dune.hosting,available,300.2,300.2,high,low,4,cloudflare,,,30/09/2026 17:05
573e8b34-fc7c-4e0d-9876-466505d22e80,heywood.hosting,available,309.99,429.99,medium,low,7,namesilo,,,29/09/2026 04:25
ab379165-0809-489e-893a-32912cdd45b3,illinois.hosting,available,310.98,398,high,low,8,namecheap,,,21/08/2026 18:40
3fe5c061-1538-4ea4-826f-ffcc33b4ac6b,alternate.hosting,available,309.99,429.99,high,low,9,namesilo,,,22/09/2026 02:29
58df172c-f3ef-4cd8-a7a4-cfba25781cb2,composition.hosting,available,279.65,341.75,medium,low,11,spaceship,,,28/09/2026 22:45
cc5c111f-5501-4c0e-8c0f-8baba97ed3b1,londonderry.hosting,available,310.98,437.98,medium,low,11,namecheap,,,29/09/2026 09:47
93a42ce7-d787-415b-9b01-236b97df0fc4,hep.hosting,available,309.99,329.99,high,low,3,namesilo,,,21/08/2026 06:44
64ffe1fd-a0f8-404f-add6-2c70fb547cb0,eid.hosting,available,309.99,429.99,high,low,3,namesilo,,,01/10/2026 02:59
0725171b-ea6d-4d2f-b8d2-848983b36fa0,groom.hosting,available,300.2,300.2,high,low,5,cloudflare,,,27/09/2026 12:02
34cd8451-48bb-472a-98ec-b115344a7f62,weighing.hosting,available,309.99,429.99,high,low,8,namesilo,,,17/09/2026 11:27
ba20e957-cc5c-46b4-9bfd-181d3b9f0f11,maid.hosting,available,309.99,429.99,high,low,4,namesilo,,,25/09/2026 16:10
9bf2ceef-0d64-429e-a989-2af7ba50f693,sailor.hosting,available,300.2,300.2,high,low,6,cloudflare,,,29/09/2026 03:02
5a1e5a1c-f964-4fb3-9d29-9288440f6fdf,thinkable.hosting,available,309.99,429.99,high,low,9,namesilo,,,11/09/2026 13:28
fedd4f78-8966-419f-9b9a-4ca51d9aae8b,bethlehem.hosting,available,310.98,437.98,high,low,9,namecheap,,,22/09/2026 18:15
a685f28d-d886-4f15-8b2b-e54fe90ba773,bloomsbury.hosting,available,279.65,341.75,medium,low,10,spaceship,,,29/09/2026 18:00
0e3c96de-b8fd-466c-9c8f-21f871e4a0d8,taps.hosting,available,310.98,437.98,high,low,4,namecheap,,,29/09/2026 20:29
fb1d91de-ce90-45cf-8afc-dfa86f812115,yosef.hosting,available,309.99,429.99,medium,low,5,namesilo,,,30/09/2026 22:02
ae545588-cd32-48a5-8368-e5f5ad612b8f,participants.hosting,available,309.99,429.99,medium,low,12,namesilo,,,18/09/2026 04:57
945495e7-3f86-48dd-bfa9-92bc20435614,archers.hosting,available,279.65,341.75,medium,low,7,spaceship,,,01/10/2026 15:28
5ba9b0e8-4fbc-4b2f-9ba9-51c6abc91a74,dominos.hosting,available,309.99,429.99,high,low,7,namesilo,,,24/09/2026 23:28
0ad67746-6565-4cb4-8a7e-a66776cb0d41,antoine.hosting,available,309.99,429.99,high,low,7,namesilo,,,25/09/2026 14:52
b6c1fe88-bdb0-4c34-8b01-1e7e1404606a,visored.hosting,available,309.99,429.99,medium,low,7,namesilo,,,13/09/2026 06:15
e3522cab-1063-423b-835c-6d0164050b6a,internally.hosting,available,309.99,429.99,medium,low,10,namesilo,,,15/09/2026 09:01
e4c68bad-6e80-4e18-b163-832a7324db27,meditate.hosting,available,353.32,353.32,high,low,8,dynadot,,,03/10/2026 01:39
e24c306c-bc2f-411b-a025-cd94de71ec34,latvian.hosting,available,310.98,398,high,low,7,namecheap,,,22/08/2026 20:47
d15720e2-1070-499a-8889-cd3f686dbcf9,cartwright.hosting,available,353.32,353.32,medium,low,10,dynadot,,,30/09/2026 01:00
de2a97a2-90c8-4732-a532-7f1c789c7a98,neurotoxic.hosting,available,309.99,429.99,medium,low,10,namesilo,,,03/09/2026 16:25
7b2f5e9a-4f2c-4bcb-a5db-728ab729deb0,boxlike.hosting,available,309.99,329.99,medium,low,7,namesilo,,,10/08/2026 23:56
cbabb5c5-928d-4848-9f5d-c92c6f2e4dba,bladder.hosting,available,310.98,437.98,high,low,7,namecheap,,,24/09/2026 03:26
8bef26d8-ab0f-435d-ac2c-5afbac348b50,lingering.hosting,available,300.2,300.2,medium,low,9,cloudflare,,,30/09/2026 10:28
a6aa7719-8e07-44d7-8098-c73e2fcc906e,researched.hosting,available,309.99,429.99,medium,low,10,namesilo,,,01/10/2026 00:58
6b8bbaaa-1df9-4b15-a33b-5189e8352199,quit.hosting,available,310.98,437.98,high,low,4,namecheap,,,24/09/2026 13:22
948e3563-ab71-4e05-bf79-4376a9ff253d,bagpiper.hosting,available,310.98,437.98,medium,low,8,namecheap,,,21/09/2026 18:28
6179584e-69bf-4b90-9ec0-56c1f4988730,considered.hosting,available,310.98,437.98,high,low,10,namecheap,,,23/09/2026 20:51
202125dc-ed0d-4041-984e-f3665aa357e2,uncooked.hosting,available,309.99,429.99,medium,low,8,namesilo,,,12/09/2026 06:09
b5a8d32b-308c-4426-a949-6b5e3c18c8db,adjectives.hosting,available,310.98,437.98,medium,low,10,namecheap,,,18/09/2026 16:11
953e9ac6-a1b2-47ca-ada1-61a0d4368673,cache.hosting,available,309.99,429.99,high,low,5,namesilo,,,01/10/2026 01:15
2fdb526e-6f62-4fe8-a42b-e5f78d00a0d6,munitions.hosting,available,279.65,341.75,low,low,9,spaceship,,,02/10/2026 13:17
2f4525ea-d417-46cc-9809-0621967e0816,unbooked.hosting,available,309.99,429.99,medium,low,8,namesilo,,,12/09/2026 02:19
f6a712c0-face-4d3e-b840-bef9356ed0fe,abbreviated.hosting,available,309.47,340.37,medium,low,11,porkbun,,,30/09/2026 19:14
a2440e4a-bfa0-40f5-aa14-c5e66fa8ffb5,beigel.hosting,available,310.98,437.98,high,low,6,namecheap,,,21/09/2026 17:54
1060581e-28a8-4e81-b04c-c850aad9f055,stalin.hosting,available,279.65,341.75,medium,low,6,spaceship,,,29/09/2026 13:10
65a4e162-cbbe-4c93-8685-114ed4937fd3,wajda.hosting,available,309.99,429.99,medium,low,5,namesilo,,,19/09/2026 05:01
2fd7d420-d82f-414e-8b7e-129853623b2e,tee.hosting,available,279.65,341.75,high,low,3,spaceship,,,29/09/2026 18:55
b322ac2d-ec2e-4431-8eed-86db807fbf4a,budapest.hosting,available,310.98,437.98,high,low,8,namecheap,,,29/09/2026 11:48
457461de-06ad-4aa8-9c8d-476f16246c79,bust.hosting,available,309.99,429.99,high,low,4,namesilo,,,23/09/2026 09:51
69dc7f4f-6323-4162-bdfa-07bd7a3559e0,overcomes.hosting,available,309.99,429.99,medium,low,9,namesilo,,,21/09/2026 04:26
de9d6b3e-35f6-4248-8014-51531bb7ff0f,texture.hosting,available,279.65,341.75,high,low,7,spaceship,,,28/09/2026 20:37
69e72a46-18a1-4612-99ab-af93f7cec648,mayes.hosting,available,300.2,300.2,medium,low,5,cloudflare,,,02/10/2026 10:30
ec63a2c2-a13a-4a62-af49-a2c2911c02dd,coexisting.hosting,available,309.99,329.99,medium,low,10,namesilo,,,12/08/2026 15:32
c8f8c318-28fe-4a44-a92c-73dc080f0021,amateur.hosting,available,279.65,341.75,high,low,7,spaceship,,,01/10/2026 20:01
051d80bf-006f-441b-8496-e2eee0526882,uniform.hosting,available,309.99,429.99,high,low,7,namesilo,,,19/09/2026 05:41
1a2fc87b-15a9-4150-a975-70e8c9268b44,maginot.hosting,available,309.99,429.99,high,low,7,namesilo,,,19/09/2026 04:15
fce765f3-aab0-4cd5-85e2-e33535fee330,avoiding.hosting,available,309.99,429.99,high,low,8,namesilo,,,28/09/2026 03:32
57148cb7-b9cf-4adb-884f-7e8dec5c5082,wonderland.hosting,available,310.98,437.98,high,low,10,namecheap,,,29/09/2026 14:10
105f43e9-eb77-4563-bf88-6f589b0b05b9,acquainted.hosting,available,279.65,341.75,high,low,10,spaceship,,,28/09/2026 07:02
daa4c837-dfe2-4564-81b1-d098f723e285,collarless.hosting,available,309.99,329.99,medium,low,10,namesilo,,,12/08/2026 16:40
22eb5694-f939-454b-a417-afb39d9e56cf,usc.hosting,available,310.98,437.98,high,low,3,namecheap,,,25/09/2026 14:13
ec4c79b5-3654-4e52-809d-2e3fa58477c0,fleshy.hosting,available,309.99,329.99,medium,low,6,namesilo,,,18/08/2026 08:02
bad4f1c1-4797-4a52-8886-132eeead8c7b,longlasting.hosting,available,309.99,329.99,high,low,12,namesilo,,,
62956698-b756-4d2c-92a3-9f05900df04b,affective.hosting,available,309.99,329.99,high,low,9,namesilo,,,
123518e4-f40d-4c1a-9510-432a61e072e5,loop.hosting,available,309.99,429.99,high,high,4,namesilo,,,02/10/2026 10:25
30c6cae6-aaf3-498a-81fc-478afb0ec51e,addon.hosting,available,309.99,429.99,high,low,6,namesilo,,,17/09/2026 06:37
c45bf738-1325-4605-a666-d098c5fd03c4,fray.hosting,available,310.98,437.98,medium,low,4,namecheap,,,01/10/2026 19:39
007567fb-0da7-4bc1-95ec-91b55160c882,dprk.hosting,available,279.65,341.75,medium,low,4,spaceship,,,02/10/2026 04:32
f2f4011a-591e-41f0-bd08-9cddc9456eb2,agar.hosting,available,309.99,429.99,medium,low,4,namesilo,,,17/09/2026 16:14
7d0bff61-1616-428b-905c-57b37f3ab195,fades.hosting,available,353.32,353.32,medium,low,5,dynadot,,,01/10/2026 00:52
23c68e8a-334c-4000-bf24-b44b553a69f8,gospel.hosting,available,310.98,437.98,high,low,6,namecheap,,,24/09/2026 14:58
fbfb2992-b382-499c-bbc9-21cc4ca8c319,pins.hosting,available,309.99,429.99,high,low,4,namesilo,,,18/09/2026 08:25
e14328a3-dd4f-4993-befc-24ecdddd8abb,appendix.hosting,available,310.98,437.98,high,low,8,namecheap,,,19/09/2026 20:40
45c6ed2a-7b23-4e58-968e-50370e284249,migrator.hosting,available,309.99,329.99,high,low,8,namesilo,,,24/08/2026 22:51
e1069f09-6331-409e-9f7b-dd6b9140eca6,diamantine.hosting,available,309.99,329.99,medium,low,10,namesilo,,,14/08/2026 05:52
fc8518ca-fd42-48a8-8f21-20e455d187ac,methodology.hosting,available,279.65,341.75,high,low,11,spaceship,,,30/09/2026 06:02
d960818c-9ad4-40a2-81f2-0df34102751c,astute.hosting,available,309.99,429.99,high,low,6,namesilo,,,22/09/2026 10:35
f626dbe9-8c8b-4dd6-953c-52ca9f2299df,composer.hosting,available,309.99,429.99,high,low,8,namesilo,,,24/09/2026 16:53
0d755d2d-44c0-48e0-965f-08d31751235f,deduce.hosting,available,279.65,341.75,high,low,6,spaceship,,,03/10/2026 02:27
cb6099c9-8e53-46a0-b705-d9079f03f3fe,lass.hosting,available,300.2,300.2,high,low,4,cloudflare,,,02/10/2026 15:51
18dd6b2f-c045-4f30-8b2e-e981dceabab4,latex.hosting,available,300.2,300.2,high,low,5,cloudflare,,,29/09/2026 13:16
b89647ac-c543-469e-87ec-fb7c51b79cc2,naive.hosting,available,309.99,429.99,high,low,5,namesilo,,,03/09/2026 12:50
8e681238-3091-421f-a59f-6fddbd3f6824,sacramento.hosting,available,353.32,353.32,high,low,10,dynadot,,,29/09/2026 18:11
f8cb54f2-03c3-4265-973b-9308c2a6f0cf,publishing.hosting,available,279.65,341.75,high,low,10,spaceship,,,28/09/2026 06:38
4ee734ee-597d-4ecc-a03b-eea7023d0840,iot.hosting,available,279.65,341.75,high,medium,3,spaceship,,,02/10/2026 19:11
007e0d43-f9ab-486b-a30b-c53fd4f58ecf,headphones.hosting,available,279.65,341.75,high,low,10,spaceship,,,02/10/2026 01:19
16650f20-11bb-447f-9c8b-79cd8f893f82,honeymooning.hosting,available,309.99,429.99,high,low,12,namesilo,,,21/09/2026 06:04
e0c7a4a8-8566-46ab-ae5d-65d15b0ed34a,girdle.hosting,available,310.98,437.98,high,low,6,namecheap,,,24/09/2026 15:02
dffc86f0-d80c-426a-847b-336b69749613,nate.hosting,available,309.99,429.99,high,low,4,namesilo,,,25/09/2026 13:42
ffd0a1fc-33fc-4525-8bac-a74bb6140dc2,transverse.hosting,available,309.99,329.99,high,low,10,namesilo,,,13/08/2026 07:54
571a645d-2f20-49c6-b2a4-6751af002cc7,aerial.hosting,available,309.99,329.99,high,low,6,namesilo,,,
3f160d2b-fe29-45f4-b0a6-5eebf83dfc82,biweekly.hosting,available,309.99,329.99,high,low,8,namesilo,,,10/08/2026 09:30
64520b43-ed32-43a4-b859-d5dea028128b,drank.hosting,available,309.99,429.99,high,low,5,namesilo,,,28/09/2026 08:20
2e1aaaae-4317-42e5-bebb-b60ab49aa514,labour.hosting,available,279.65,341.75,medium,low,6,spaceship,,,29/09/2026 04:26
4dd26fc0-0947-4537-adea-4b47ae84e0d4,avaram.hosting,available,309.99,429.99,medium,low,6,namesilo,,,21/09/2026 08:40
4c47bbb5-8b9d-480c-acb7-f4e207343942,safer.hosting,available,309.99,429.99,high,low,5,namesilo,,,27/09/2026 03:09
7b10a6bf-822c-4aa5-94f2-07492211ec25,humic.hosting,available,309.99,329.99,medium,low,5,namesilo,,,21/08/2026 15:14
6b9395cf-a400-47aa-8ef5-207b2f7e8b84,assets.hosting,available,309.99,429.99,high,low,6,namesilo,,,20/09/2026 16:21
9a020ab1-fa25-4037-b25d-bf79211336be,baccharis.hosting,available,309.99,429.99,medium,low,9,namesilo,,,21/09/2026 14:00
f1e74c72-85ab-456f-b744-9e1c5d571b1f,oxidative.hosting,available,309.99,429.99,medium,low,9,namesilo,,,04/09/2026 22:23
a2e2a5a3-f9a9-4d2a-ad75-78bb54ca20f6,flavorsome.hosting,available,309.99,329.99,medium,low,10,namesilo,,,18/08/2026 07:12
d6ab33ab-8302-47bd-947c-486e8c499066,unfixed.hosting,available,309.99,429.99,medium,low,7,namesilo,,,12/09/2026 10:28
765c76fe-235c-43c3-a2f7-df270d058be1,screenshot.hosting,available,309.99,429.99,high,low,10,namesilo,,,01/10/2026 01:28
ef39b9e6-2d77-4e5e-ae75-ae2f77692589,perfidy.hosting,available,309.99,429.99,medium,low,7,namesilo,,,23/09/2026 11:25
952a5b89-1546-4bb9-a8b1-57f9f4f51428,nookie.hosting,available,309.99,329.99,medium,low,6,namesilo,,,18/08/2026 17:31
1312ff80-3f09-4217-bc9f-8a977cd3b9a0,housewives.hosting,available,309.47,340.37,medium,low,10,porkbun,,,30/09/2026 07:09
9b19f2d9-8642-4ca8-802f-086fec5dbff4,truro.hosting,available,279.65,341.75,medium,low,5,spaceship,,,30/09/2026 13:15
8adaf18f-f423-46e3-84b3-bd5116393e5f,methuen.hosting,available,279.65,341.75,medium,low,7,spaceship,,,30/09/2026 14:06
ea60115e-13cd-4167-a2a6-cd3ae76036ec,defect.hosting,available,310.98,437.98,high,low,6,namecheap,,,24/09/2026 05:34
7e9dceb4-66b0-47ec-b233-3fd503e2d726,babylon.hosting,available,309.99,429.99,high,low,7,namesilo,,,21/09/2026 13:50
032c4ebc-07fc-4425-8cea-b3ffcd4bc381,tact.hosting,available,309.99,429.99,high,low,4,namesilo,,,01/10/2026 21:55
5d5da888-4716-4c6b-bc0c-62a7a28ab794,escorted.hosting,available,309.99,429.99,high,low,8,namesilo,,,29/09/2026 17:28
4e890cb8-2328-46ed-bb5d-adac716f131b,pocketbook.hosting,available,309.99,429.99,high,low,10,namesilo,,,23/09/2026 16:19
5032f523-77e3-457c-a3d5-7a7a27620b13,militia.hosting,available,279.65,341.75,high,low,7,spaceship,,,29/09/2026 19:40
f854a5b2-7c62-4a9d-9380-24f9a3c853e2,ambler.hosting,available,310.98,437.98,medium,low,6,namecheap,,,18/09/2026 17:07
6da8827f-0391-4fba-b691-5c3c29d5f082,parents.hosting,available,309.99,429.99,high,low,7,namesilo,,,02/10/2026 15:26
95244eab-60fd-4ea2-8a1f-995b705c841b,commenting.hosting,available,279.65,341.75,high,low,10,spaceship,,,01/10/2026 22:00
bba40572-4ceb-48f9-9860-204f93089880,resulted.hosting,available,309.99,429.99,medium,low,8,namesilo,,,19/09/2026 00:26
3e64ac3f-ad81-4eaa-852c-5fd1340c82aa,recommending.hosting,available,300.2,300.2,medium,low,12,cloudflare,,,02/10/2026 15:55
923da9d6-f496-4c82-abdc-9cec293cc013,heuristics.hosting,available,353.32,353.32,medium,low,10,dynadot,,,02/10/2026 02:40
c48a7be3-9e94-4a48-9871-a2f76f475fb3,maids.hosting,available,309.99,429.99,medium,low,5,namesilo,,,30/09/2026 00:12
2ee684a0-6a37-46de-b55d-20d03965df87,immigrant.hosting,available,353.32,353.32,high,low,9,dynadot,,,29/09/2026 13:05
b7d58264-0d7b-4c4d-8cf2-29ffb984458a,zoned.hosting,available,309.99,429.99,high,low,5,namesilo,,,01/10/2026 22:40
40afb216-c4bb-47ce-9438-e68f7d7b424d,hissing.hosting,available,279.65,341.75,medium,low,7,spaceship,,,02/10/2026 04:52
17f853a8-10e2-4fc2-ab3b-e7efaff8e794,fundamentalism.hosting,available,398,,medium,low,14,namecheap,,,
d13f98ac-b993-4d1b-980b-e2de64d9c4c3,carrier.hosting,available,279.65,341.75,high,low,7,spaceship,,,28/09/2026 19:39
f59c51d2-41fe-46db-a34e-81855a65d60d,deplorable.hosting,available,310.98,398,medium,low,10,namecheap,,,12/08/2026 20:22
2d7a2c39-e8bb-4d13-9e30-145e50e8ca97,bawd.hosting,available,599.99,599.99,medium,low,4,name.com,,,13/08/2026 14:22
af333d6c-0098-4db0-af8f-ebdc3b40f0af,miserly.hosting,available,309.99,329.99,medium,low,7,namesilo,,,24/08/2026 23:45
f9dd7e07-2d05-4158-81c5-9a1de8b6715d,whippy.hosting,available,309.99,429.99,medium,low,6,namesilo,,,13/09/2026 11:26
6824afa5-8edb-4f43-8d8f-667a7fa34c12,allegoric.hosting,available,309.99,329.99,medium,low,9,namesilo,,,
d914a8c0-c6fd-474a-bc7d-779499d475db,auk.hosting,available,309.99,429.99,medium,low,3,namesilo,,,21/09/2026 04:07
509fecf1-dbaa-407d-9d04-3687ea996b82,austrian.hosting,available,310.98,437.98,high,low,8,namecheap,,,22/09/2026 13:38
5f91d5dc-3da8-41b6-b697-07f88dab0674,watertown.hosting,available,309.99,429.99,high,low,9,namesilo,,,28/09/2026 06:52
3f424dd0-6256-40f4-9b62-fbf560edbe79,beacon.hosting,premium,1690,1690,high,medium,6,namecheap,,,22/09/2026 19:12
75c9c191-59f3-4e84-8a5a-77cc44387b80,klan.hosting,available,300.2,300.2,medium,low,4,cloudflare,,,30/09/2026 10:20
e74d12d8-3974-42a6-abeb-8b721dfba2f7,inhibitor.hosting,available,300.2,300.2,high,low,9,cloudflare,,,29/09/2026 19:19
5a2759b4-eda5-4bb9-85c7-19248a8551a4,stickers.hosting,premium,,,high,low,8,,,,30/09/2026 07:47
856d1534-ac43-4f2d-b1bc-293d6491af14,parented.hosting,available,309.99,429.99,high,low,8,namesilo,,,08/09/2026 01:16
805201c9-c02c-4a31-99f7-34d8b120431c,scanned.hosting,available,279.65,341.75,high,low,7,spaceship,,,30/09/2026 20:03
bd999023-b10f-4368-9579-14c45bc9b31a,quibble.hosting,available,309.99,429.99,medium,low,7,namesilo,,,23/09/2026 13:17
ab581a5e-f336-40f4-8c16-20b65c8ea579,pinter.hosting,available,279.65,341.75,medium,low,6,spaceship,,,02/10/2026 05:11
9cde0165-001d-4521-9264-fc8984dba39f,germans.hosting,available,310.98,437.98,medium,low,7,namecheap,,,27/09/2026 03:03
602d16c3-76d9-44f8-977c-ed48119f2e31,alky.hosting,available,309.99,329.99,medium,low,4,namesilo,,,
2a408e5b-cebb-4755-9352-da925e82a981,indirectly.hosting,available,309.99,429.99,medium,low,10,namesilo,,,15/09/2026 07:58
b89f7135-d8a2-4c08-848c-45413544325b,lists.hosting,available,309.99,429.99,medium,low,5,namesilo,,,17/09/2026 08:32
69b06c88-8ecd-44b5-90ae-ab347df56627,out.hosting,available,309.99,429.99,high,low,3,namesilo,,,30/09/2026 17:39
b77606ae-1bb3-4a46-b8fb-4bd49233605a,hereabout.hosting,available,309.99,429.99,medium,low,9,namesilo,,,15/09/2026 00:18
a9d44574-3b42-4d1b-8346-37e55364c40f,analogist.hosting,available,309.99,429.99,medium,low,9,namesilo,,,19/09/2026 01:52
fd56f043-6e79-4ec8-a28c-58cfd75b08fe,wcc.hosting,available,300.2,300.2,medium,low,3,cloudflare,,,02/10/2026 11:00
52df97c7-b8f8-4716-9a9d-7ea5b9f8f0af,cogent.hosting,premium,1690,1690,medium,low,6,namecheap,,,12/08/2026 15:33
6ec0ffe2-6d75-4d61-9e1a-bb751e3e3a36,fedex.hosting,premium,1345.7,1345.7,high,low,5,spaceship,,,01/10/2026 13:01
09b6b712-9f2e-4d8d-b095-4e6000a5c628,international.hosting,available,309.99,429.99,high,medium,13,namesilo,,,25/09/2026 11:34
e6d352f9-2cf8-49da-969f-0abc09888f30,gravelly.hosting,available,310.98,398,medium,low,8,namecheap,,,20/08/2026 18:27
b28c23e7-b47c-446b-b37e-6963ee654be2,formations.hosting,available,353.32,353.32,medium,low,10,dynadot,,,01/10/2026 15:37
95a73ab3-98c0-478e-9f87-b0c3d257df4c,trials.hosting,available,309.99,429.99,medium,low,6,namesilo,,,18/09/2026 17:43
b4bbeab6-fabf-446b-aa02-6b7f90774377,bna.hosting,available,300.2,300.2,medium,low,3,cloudflare,,,01/10/2026 07:03
bb382e3d-4e96-4eab-8262-146338662351,pasternak.hosting,available,309.47,340.37,medium,low,9,porkbun,,,02/10/2026 23:39
b1c9a890-bc21-4806-b2b5-998782d869de,businessmen.hosting,available,310.98,437.98,high,low,11,namecheap,,,02/10/2026 12:59
3b37b184-c669-4a42-b8e1-e1a2521ba7b2,carew.hosting,available,279.65,341.75,medium,low,5,spaceship,,,30/09/2026 00:59
f1c2bfe7-98bf-484c-aceb-f49f81d98ea0,organized.hosting,available,279.65,341.75,high,low,9,spaceship,,,03/10/2026 00:27
b205280e-19bc-466b-bdf5-cb2451f04296,demonstrated.hosting,available,309.99,429.99,medium,low,12,namesilo,,,17/09/2026 21:56
58e8e84e-1203-445a-b8f0-0432b877533d,flighty.hosting,available,309.99,329.99,medium,low,7,namesilo,,,18/08/2026 08:11
3434d4ec-ef47-424c-9395-f3093b0bd81e,fraught.hosting,available,309.99,329.99,medium,low,7,namesilo,,,18/08/2026 14:23
2ed45bc5-44bb-45a7-bc0b-ccadf7c1a2bc,arcane.hosting,available,309.99,329.99,high,low,6,namesilo,,,06/08/2026 14:24
2aa46878-fb99-4dfc-a7ad-632b3abfa032,flaps.hosting,available,279.65,341.75,high,low,5,spaceship,,,30/09/2026 09:40
ba8dc362-c663-45e6-9ca4-c8dfe8010ed2,uncivil.hosting,available,309.99,429.99,medium,low,7,namesilo,,,12/09/2026 05:12
83904878-cf52-4409-a4f7-a4f57012c138,disheveled.hosting,available,309.99,329.99,medium,low,10,namesilo,,,14/08/2026 10:56
603015e3-f5c7-4e4c-87d3-441b2eb01694,unbound.hosting,available,309.99,429.99,high,low,7,namesilo,,,12/09/2026 02:25
3afbea90-c432-44a1-a79a-9e973d017a9b,concentric.hosting,available,310.98,398,high,low,10,namecheap,,,12/08/2026 19:57
6e7d448f-8633-4abd-8a28-5d997c5cffd9,slippy.hosting,available,309.99,429.99,medium,low,6,namesilo,,,10/09/2026 11:03
65e5380c-c145-4915-999e-cad79c2cfebc,oxidised.hosting,available,309.99,429.99,medium,low,8,namesilo,,,04/09/2026 22:28
741e964e-d355-4d63-9f53-8787b8ab2008,accrual.hosting,available,310.98,437.98,medium,low,7,namecheap,,,16/09/2026 23:14
10c4fee5-8683-4c85-abea-93cc106b9b7b,guarding.hosting,available,310.98,437.98,medium,low,8,namecheap,,,28/09/2026 12:47
023c9062-59f2-4039-abe3-52e6cf287a81,trenches.hosting,available,309.99,429.99,high,low,8,namesilo,,,29/09/2026 10:54
bed9da0e-7c7f-49e3-9a60-b04855110cf0,laws.hosting,premium,1345.7,1345.7,high,low,4,spaceship,,,30/09/2026 02:25
b2b58d80-b7a9-45dd-8f6d-a6365394ab01,premiere.hosting,available,309.99,429.99,high,low,8,namesilo,,,27/09/2026 04:58
5e800ca1-dff5-41d2-a959-20edcaa5a175,confidant.hosting,available,309.99,329.99,high,low,9,namesilo,,,22/08/2026 08:30
ef8eb1fc-a2bc-43ef-a625-07dc6884394d,rubble.hosting,available,300.2,300.2,medium,low,6,cloudflare,,,28/09/2026 18:54
8215d9c1-93a1-4852-9ee8-f3f18eb2d9f0,child.hosting,available,310.98,437.98,high,low,5,namecheap,,,25/09/2026 20:33
4ad0862d-4285-4faa-9804-e4eaab386781,tuning.hosting,available,279.65,341.75,high,low,6,spaceship,,,29/09/2026 08:16
23f1dd45-9665-45df-9e32-e93b1466b484,wishing.hosting,available,300.2,300.2,high,low,7,cloudflare,,,30/09/2026 14:46
1c2f5f38-6040-47e2-93e9-c51420db3dda,jolted.hosting,available,309.99,329.99,medium,low,6,namesilo,,,22/08/2026 13:55
0e48f3f2-158a-4c68-8c9d-ad7ab5389265,frieda.hosting,available,309.99,429.99,high,low,6,namesilo,,,01/10/2026 08:48
b0aaceef-da7e-406e-9c59-1f4f9378800e,executor.hosting,available,279.65,341.75,high,low,8,spaceship,,,01/10/2026 01:58
1993d004-1884-47ab-a28d-f165d4d5552b,gwyn.hosting,available,310.98,437.98,medium,low,4,namecheap,,,02/10/2026 05:09
5ed907a8-8fe4-48c9-9a76-6954e8add1e5,curved.hosting,available,309.99,329.99,high,low,6,namesilo,,,13/08/2026 11:47
5869f49c-4ed1-446c-bc98-d59171049357,wnba.hosting,premium,1345.7,1345.7,high,high,4,spaceship,,,02/10/2026 19:54
83fb6b75-dc5a-4e0d-93f4-dfe83af1bc1a,potato.hosting,available,279.65,341.75,high,medium,6,spaceship,,,30/09/2026 00:23
54010e10-bd48-4e56-b611-6c67ca2258c5,pourboire.hosting,available,309.99,429.99,medium,low,9,namesilo,,,21/09/2026 15:52
ec6e0833-7f15-4610-9aa8-98891a0179ad,wrench.hosting,available,310.98,437.98,high,low,6,namecheap,,,30/09/2026 11:34
e4851268-a19f-422e-8bcf-07d310e2ff32,antabuse.hosting,available,309.99,429.99,medium,low,8,namesilo,,,19/09/2026 12:24
55e6463e-ec63-4939-9b99-5c122f54e71c,cartesian.hosting,available,309.99,329.99,high,low,9,namesilo,,,11/08/2026 19:49
15b60107-a4ee-4c4b-a04a-b977dc2eb046,bundy.hosting,available,300.2,300.2,medium,low,5,cloudflare,,,28/09/2026 11:45
e3dff332-54f6-4e33-afe4-857ad67b0ee8,rapt.hosting,available,309.99,329.99,high,low,4,namesilo,,,14/08/2026 23:50
ab9a30be-23d5-40ac-86a3-7e313e2c571d,bivouac.hosting,available,309.99,329.99,medium,low,7,namesilo,,,11/08/2026 15:54
02eb9885-4530-43bc-8f42-1fe5cfb4bbc6,annually.hosting,available,279.65,341.75,medium,low,8,spaceship,,,28/09/2026 11:16
06c543a8-6ee5-42f5-8fe1-33f30c7d2187,appetiser.hosting,available,310.98,437.98,medium,low,9,namecheap,,,19/09/2026 20:48
a54411ac-4b68-4c37-a02d-aa218f025040,aeolian.hosting,available,309.99,329.99,medium,low,7,namesilo,,,
d1a2e5f9-2483-4686-ae35-27287dfe8d58,nylon.hosting,premium,1345.7,1345.7,high,low,5,spaceship,,,30/09/2026 10:38
7be9cc03-d476-430f-86ad-0cff3152e3dd,concludes.hosting,available,309.47,340.37,medium,low,9,porkbun,,,29/09/2026 05:51
5d64200d-dccf-4b0e-9afe-a8b8f1c42c5d,dba.hosting,available,300.2,300.2,high,low,3,cloudflare,,,30/09/2026 01:16
dd54cb53-fa90-4915-a1a5-93adb8cf3b0c,extends.hosting,available,309.99,429.99,medium,low,7,namesilo,,,18/09/2026 17:32
171cc1f9-4cc4-456e-b109-3aa5ad2a4765,limbs.hosting,available,279.65,341.75,medium,low,5,spaceship,,,29/09/2026 04:58
6141f86d-1914-40c0-9d13-25a3b7a88629,soundtrack.hosting,available,309.99,429.99,high,low,10,namesilo,,,30/09/2026 18:47
c862dfca-60cc-4503-bd3a-c4301ee61287,decisions.hosting,available,310.98,437.98,medium,low,9,namecheap,,,25/09/2026 21:16
9e953bb4-52ba-4534-9af2-b98555d74e9e,shane.hosting,available,309.99,429.99,high,low,5,namesilo,,,26/09/2026 03:35
55d00c72-b526-4a82-8778-7a6ecb47d229,perceiver.hosting,available,309.99,429.99,high,low,9,namesilo,,,08/09/2026 16:18
4691e949-0256-431d-8b9d-f70c8d054541,sinuate.hosting,available,309.99,429.99,high,low,7,namesilo,,,10/09/2026 08:36
22303749-a822-4ddc-a87e-44c31b6ef1b4,alluring.hosting,available,310.98,437.98,high,low,8,namecheap,,,22/09/2026 01:34
60e9271f-9ebd-49c9-8c6b-b6320015a039,converse.hosting,premium,1729,1729,high,high,8,namesilo,,,23/09/2026 22:49
72980d80-eb22-41e7-b859-d1904e9a12b6,less.hosting,available,599.99,599.99,high,low,4,name.com,,,25/09/2026 13:30
76da4b34-5a64-4af8-be8b-8f6c5bd07c9a,necklace.hosting,available,309.99,429.99,high,low,8,namesilo,,,27/09/2026 14:59
20cffe20-21d5-40c9-b10a-474abd4545de,exist.hosting,available,279.65,341.75,high,low,5,spaceship,,,30/09/2026 19:30
ef2e6dcc-638c-49a0-b44d-3dfb20e216d5,nonfiction.hosting,available,309.99,429.99,high,low,10,namesilo,,,02/10/2026 11:45
7f745697-43ae-40ff-bf44-8cdb29f6f11e,mercenary.hosting,available,309.99,329.99,high,low,9,namesilo,,,24/08/2026 17:14
c6c49067-fdab-4699-8438-bfefc28d0e03,ult.hosting,available,309.99,429.99,high,low,3,namesilo,,,11/09/2026 22:48
fa9fa5ee-ebed-45e8-a0ff-e7b06f9beeda,abiding.hosting,available,309.99,429.99,high,low,7,namesilo,,,21/09/2026 13:52
86639893-9143-4970-936d-1fa011dfc9f3,petrarch.hosting,available,300.2,300.2,medium,low,8,cloudflare,,,01/10/2026 02:14
1c84ac39-11a1-454f-9d3c-c9a961fb7f35,encourages.hosting,available,279.65,341.75,high,low,10,spaceship,,,01/10/2026 17:35
02753117-b546-45a5-be77-d93b6272bd83,ovens.hosting,available,309.99,429.99,medium,low,5,namesilo,,,20/09/2026 10:00
db8934bd-dad0-4564-8ad3-f3337dfb6700,homeless.hosting,available,309.99,329.99,high,low,8,namesilo,,,14/08/2026 12:07
1daa1d35-d5e6-4d50-b9e0-3c20f49268b1,catoptric.hosting,available,309.99,329.99,medium,low,9,namesilo,,,11/08/2026 22:12
68ccb3ad-94bf-4b25-9e60-0b1527b7fdf7,sector.hosting,available,310.98,437.98,high,low,6,namecheap,,,28/09/2026 03:04
cfeadb68-7258-4953-8140-35a2983421ae,dietetic.hosting,available,309.99,329.99,medium,low,8,namesilo,,,14/08/2026 06:56
778455da-0239-4bf6-a665-65c67d81eca8,conductive.hosting,available,309.99,329.99,high,low,10,namesilo,,,12/08/2026 20:33
cb7dabfd-89a8-4ec7-8d1f-4a90276c6fee,papered.hosting,available,309.99,429.99,medium,low,7,namesilo,,,21/09/2026 10:14
6b7c597b-6bdf-41bf-90c4-eb04627663f1,tactual.hosting,available,309.99,329.99,medium,low,7,namesilo,,,21/08/2026 00:04
42bb273a-43b1-479e-832f-4ea9497f7cb0,lymphatic.hosting,available,309.99,329.99,medium,low,9,namesilo,,,24/08/2026 12:33
0c5ebcf9-1225-4038-8772-469825d97604,entrant.hosting,available,309.99,329.99,medium,low,7,namesilo,,,18/08/2026 07:36
81855b62-0549-485e-87ac-10115f87d529,hag.hosting,available,309.99,429.99,high,low,3,namesilo,,,23/09/2026 04:44
5c9bc8a5-0246-4d45-810c-87ea3c765579,nlrb.hosting,available,279.65,341.75,medium,low,4,spaceship,,,29/09/2026 13:32
75d3d3d2-f4de-4cd6-98ae-2c23fc8e733f,chekhov.hosting,available,309.99,429.99,medium,low,7,namesilo,,,19/09/2026 15:27
58c8b93c-174f-4427-8c66-0d2a53f122d5,addition.hosting,available,300.2,300.2,high,low,8,cloudflare,,,28/09/2026 18:22
198e2a9c-9ded-41af-ae57-bb8db46ed903,colloquial.hosting,available,309.99,329.99,medium,low,10,namesilo,,,12/08/2026 17:14
b0b10410-fc1c-44e9-a234-25c3ab2609c1,osbourne.hosting,available,353.32,353.32,medium,low,8,dynadot,,,02/10/2026 09:54
b017cc16-89b3-4a7a-9167-5ca55917d5da,dependance.hosting,available,309.99,429.99,medium,low,10,namesilo,,,17/09/2026 06:55
3f147762-9f81-4531-93c1-5e4f9fc536fb,alb.hosting,available,309.99,429.99,high,low,3,namesilo,,,18/09/2026 02:20
419ad029-0633-4287-8124-a2fb59e234ec,qatari.hosting,available,309.99,329.99,high,low,6,namesilo,,,22/08/2026 15:09
f2389290-ea0e-42f9-a12a-06a87662f86b,hangs.hosting,available,309.99,429.99,low,low,5,namesilo,,,28/09/2026 08:56
d1b50083-c181-489f-9b46-da1e940eff17,galleries.hosting,available,279.65,341.75,medium,low,9,spaceship,,,30/09/2026 07:08
ef744881-74b9-4776-b540-d39b512cc45d,forgets.hosting,available,279.65,341.75,medium,low,7,spaceship,,,30/09/2026 16:05
102c36bb-8ef8-46ba-b87f-2bba7f3ea803,banns.hosting,available,309.99,429.99,medium,low,5,namesilo,,,22/09/2026 02:56
ef40176d-f5da-41e3-8a16-b97072d363d1,son.hosting,available,310.98,437.98,high,low,3,namecheap,,,25/09/2026 09:05
8fd2241d-719c-42c9-9372-35807305060f,motorbus.hosting,available,309.99,429.99,medium,low,8,namesilo,,,21/09/2026 05:59
181f9583-46a9-42a8-9efe-5f314db6913e,anyone.hosting,available,279.65,341.75,high,low,6,spaceship,,,01/10/2026 00:39
6b3a0e23-0cc9-47cd-9850-ae222580848c,campaign.hosting,available,279.65,341.75,high,low,8,spaceship,,,29/09/2026 06:11
46525bf2-5e30-49a0-8ae7-3abb461dd625,developments.hosting,available,279.65,341.75,high,low,12,spaceship,,,29/09/2026 16:40
b83c3d1d-e750-4ed6-8cec-d40a4108f9d6,karl.hosting,premium,1690,1690,high,low,4,namecheap,,,25/09/2026 13:41
da4d0e5d-1d5b-48d0-a602-e7433f6737de,grandkid.hosting,available,309.99,429.99,high,low,8,namesilo,,,01/10/2026 07:59
bf516bd8-fd25-4227-a316-d41a2168eeb7,redeem.hosting,available,279.65,341.75,high,low,6,spaceship,,,30/09/2026 02:39
8ce950dd-4267-4daa-a54d-25446a705c79,hatching.hosting,available,309.99,429.99,high,low,8,namesilo,,,01/10/2026 01:37
a5de7096-7368-4d7b-80cc-28a69da58f05,postdoc.hosting,available,309.99,429.99,high,low,7,namesilo,,,09/09/2026 00:19
a4ff1656-d6dd-4e46-996f-66c8292b11fa,trident.hosting,available,279.65,341.75,high,low,7,spaceship,,,02/10/2026 06:34
9fe3a7cf-7d3e-4f06-9a5e-a356f9f6f0a2,hourlong.hosting,available,309.99,329.99,medium,low,8,namesilo,,,21/08/2026 14:22
e36824b3-2922-4c25-a243-fb7d77ebacc7,rainy.hosting,available,309.99,429.99,high,medium,5,namesilo,,,09/09/2026 09:50
5ffdd971-a848-4880-b8e6-1e05f54093c3,develops.hosting,available,310.98,437.98,medium,low,8,namecheap,,,30/09/2026 00:25
d51267a4-b449-40bd-ab30-efd3265c61e4,gibber.hosting,available,309.99,429.99,medium,low,6,namesilo,,,23/09/2026 23:36
f5d2ea28-6983-4c7f-b0d9-ff146ec5c658,futurist.hosting,available,310.98,398,high,low,8,namecheap,,,18/08/2026 19:19
f8803fbf-049a-4cc5-a5a5-47a3f6dfd953,deputy.hosting,available,309.99,429.99,high,low,6,namesilo,,,29/09/2026 14:04
07257966-0c31-4148-af9b-ca7ad0c728e9,infinite.hosting,available,309.99,329.99,high,medium,8,namesilo,,,13/08/2026 03:37
9ae61f27-8e64-4b40-9412-d7a2bcaa8cbb,anciently.hosting,available,309.99,429.99,medium,low,9,namesilo,,,13/09/2026 19:42
ba0b25c5-ace8-4b3f-9d9f-36692c287e8b,communists.hosting,available,279.65,341.75,low,low,10,spaceship,,,28/09/2026 13:10
6686642d-2078-4f2a-9e2c-990e71080ed1,bluestem.hosting,available,309.99,429.99,medium,low,8,namesilo,,,19/09/2026 04:58
cab77882-f723-4496-9105-138ee090ff9a,glossary.hosting,available,279.65,341.75,high,low,8,spaceship,,,29/09/2026 20:53
31f3bd33-62f8-4b12-9e03-7b5c7315d45e,reference.hosting,available,279.65,341.75,high,low,9,spaceship,,,28/09/2026 18:25
34ff4f71-9120-41a5-91c6-e354ff77d6de,statisticians.hosting,available,279.65,341.75,low,low,13,spaceship,,,01/10/2026 18:33
42cf3e7f-fecc-45f3-97ed-a84bb4fe78d8,sewed.hosting,available,309.99,429.99,medium,low,5,namesilo,,,10/09/2026 05:05
2c65b086-ca41-4882-bbbf-443b910c3d85,hiram.hosting,available,353.32,353.32,medium,low,5,dynadot,,,27/09/2026 19:47
154137e1-59d1-41b8-82a2-6aafdfe945a0,chestnuts.hosting,available,310.98,437.98,medium,low,9,namecheap,,,20/09/2026 20:45
aeb1e0d1-996e-4a73-a2f6-d09bd84a904f,henson.hosting,available,309.99,429.99,medium,low,6,namesilo,,,28/09/2026 14:26
c087845a-915f-4038-9161-57ed14737c07,provision.hosting,available,300.2,300.2,high,low,9,cloudflare,,,30/09/2026 08:49
492e4c11-68e3-4d19-ada1-d03d10a2abae,asur.hosting,available,309.99,429.99,medium,low,4,namesilo,,,20/09/2026 16:43
17787fd1-c769-4b0c-a74f-9ee2cdc957fe,tripp.hosting,available,279.65,341.75,high,low,5,spaceship,,,30/09/2026 05:27
59aee0b8-896e-4664-b330-ceeee6105f07,shortness.hosting,available,309.99,429.99,medium,low,9,namesilo,,,16/09/2026 17:27
696fe508-0ea6-4f00-b55f-f8eb90fe97ed,symbolism.hosting,available,310.98,437.98,high,low,9,namecheap,,,30/09/2026 03:00
4d54a545-6189-487e-972f-832d79d5f0d8,outboard.hosting,available,310.98,437.98,high,low,8,namecheap,,,04/09/2026 18:55
b4d8c419-8f74-41ac-b93d-fecd6f35a85f,canton.hosting,available,309.99,429.99,high,low,6,namesilo,,,23/09/2026 16:10
26724075-67ac-4d15-a9b3-9954a552217c,urn.hosting,available,279.65,341.75,high,low,3,spaceship,,,30/09/2026 11:16
2240781b-b342-4d25-9557-5cb464854922,discipline.hosting,available,309.99,429.99,high,low,10,namesilo,,,19/09/2026 11:34
969ca78f-d6ac-4a02-84d3-588203689d3d,chased.hosting,available,309.99,429.99,high,low,6,namesilo,,,27/09/2026 08:31
92563464-f82d-44db-9d11-d3c0aaabe260,imminently.hosting,available,309.99,429.99,medium,low,10,namesilo,,,15/09/2026 02:00
2c6812da-013d-4e28-8488-c36870c3795e,hayseed.hosting,available,309.99,329.99,medium,low,7,namesilo,,,21/08/2026 08:05
e3e3d49b-b31b-4f74-b836-be691f288ecf,bosomed.hosting,available,310.98,398,medium,low,7,namecheap,,,10/08/2026 20:23
25b02c24-8492-49d6-88e5-8f178c2447de,matthews.hosting,available,310.98,437.98,high,low,8,namecheap,,,25/09/2026 19:36
cf343e10-7cc8-4e27-898b-27385c2f0daa,cathedral.hosting,available,309.99,329.99,high,low,9,namesilo,,,11/08/2026 21:50
dd35efa9-f5d7-4b16-8754-b747c9cc152d,age.hosting,available,309.99,429.99,high,low,3,namesilo,,,19/09/2026 07:13
2556e8ee-4a04-44eb-acfe-f54ff1e57830,undue.hosting,available,309.99,329.99,medium,low,5,namesilo,,,17/08/2026 16:19
65064919-efe1-4ad3-93f0-12c56af33dc3,pledged.hosting,available,309.99,429.99,high,low,7,namesilo,,,27/09/2026 04:12
54c5ff95-948d-4db0-afe6-2665d1c0ad6a,mcnamara.hosting,available,309.99,429.99,medium,low,8,namesilo,,,27/09/2026 08:09
54ebd5c2-697f-49d6-895e-a9a28a1bc5fa,paunchy.hosting,available,309.99,329.99,medium,low,7,namesilo,,,
1e8b741f-d160-440f-9906-2a2d0a09e4ca,albino.hosting,available,309.99,429.99,high,low,6,namesilo,,,18/09/2026 02:58
7240b274-e9a3-4bd6-a56c-4f65a43ae4a9,computers.hosting,available,279.65,341.75,high,low,9,spaceship,,,01/10/2026 03:23
76d40523-e8bf-4ce2-ae71-2a977af61855,lapsing.hosting,available,309.99,429.99,medium,low,7,namesilo,,,09/09/2026 16:15
542a0e5e-e9b2-4d08-89d4-19bf5422a90d,spermous.hosting,available,309.99,429.99,high,medium,8,namesilo,,,10/09/2026 15:30
0688f16c-7733-4c43-adfb-931890e4f826,detectives.hosting,available,353.32,353.32,medium,low,10,dynadot,,,28/09/2026 05:09
390dc929-1c55-4f37-8e9a-d60785a1b2cf,aplitic.hosting,available,309.99,329.99,medium,low,7,namesilo,,,06/08/2026 00:35
64f4726b-8b8b-4909-92ed-dfd6029ff671,woodville.hosting,available,309.99,429.99,medium,low,9,namesilo,,,30/09/2026 22:08
fa816aef-ab62-4082-b492-9188f269fe49,eudaimonia.hosting,available,309.99,429.99,high,low,10,namesilo,,,12/09/2026 23:00
e12bf1e7-fd89-4035-bfcd-f6d3fc08b846,pussycat.hosting,available,300.2,300.2,high,low,8,cloudflare,,,03/10/2026 01:25
4f0e168f-baf5-487e-ae29-9b4e1a21d779,cowardice.hosting,available,310.98,437.98,medium,low,9,namecheap,,,24/09/2026 18:57
939660b8-2a94-4e35-a801-2a1cc5e11c41,citizenship.hosting,available,309.99,329.99,high,low,11,namesilo,,,
2c770d66-217e-40ab-8a4e-dfdda4740c4b,eonian.hosting,available,309.99,329.99,medium,low,6,namesilo,,,
373bf555-a7cd-4b7c-881d-ee4d4e23cdb0,rhone.hosting,available,353.32,353.32,high,low,5,dynadot,,,30/09/2026 18:30
82c6bd31-b59d-4a1b-b5be-58eb47bc4d48,dinky.hosting,available,309.99,329.99,medium,low,5,namesilo,,,14/08/2026 08:14
3835a798-7262-4e6a-8475-f447ad666eb0,bogus.hosting,available,309.99,329.99,medium,low,5,namesilo,,,08/08/2026 22:58
4e6cf39b-107e-4057-b88e-0b296187b480,owner.hosting,available,309.99,429.99,high,low,5,namesilo,,,25/09/2026 09:45
09b90bf7-bb6a-453d-95c3-d8ee4c3a93b0,exempt.hosting,available,309.99,329.99,high,low,6,namesilo,,,17/08/2026 17:02
140a7916-9368-4c6b-a643-887e588e36fa,logic.hosting,available,279.65,341.75,high,medium,5,spaceship,,,01/10/2026 02:39
57bd95f9-3928-4376-bc2f-fc23e26b850a,ionized.hosting,available,309.99,329.99,high,low,7,namesilo,,,22/08/2026 09:31
29406078-f253-42dd-8de1-187f944c2065,playaround.hosting,available,309.99,429.99,medium,low,11,namesilo,,,17/09/2026 06:03
1f6ead4a-dd1c-4b38-baf2-60129898a58f,seniority.hosting,available,279.65,341.75,high,low,9,spaceship,,,30/09/2026 17:37
5ee02412-da8d-4b7a-a1d7-2a4ddc2af8fa,taxman.hosting,available,309.99,429.99,medium,low,6,namesilo,,,24/09/2026 16:18
ec20e94a-2e0a-4bc3-b561-6f73756a19a8,ascendent.hosting,available,309.99,329.99,medium,low,9,namesilo,,,
869569cc-41bc-4c99-9b66-958ce442b5ce,copacetic.hosting,available,309.99,329.99,medium,low,9,namesilo,,,13/08/2026 00:18
e1f45ef9-35f6-4715-b0c4-333ebe7755f9,rowing.hosting,available,279.65,341.75,high,low,6,spaceship,,,29/09/2026 20:14
1ef56c8f-2a6e-4b8d-b5e3-d8b267f8ea87,dnc.hosting,premium,1345.7,1345.7,high,low,3,spaceship,,,02/10/2026 17:47
dd92a41b-af0f-4e42-ac2b-f75bfacdf6e7,shattered.hosting,available,309.99,429.99,high,medium,9,namesilo,,,10/09/2026 06:04
c69af5a4-b09d-4959-b359-0cca58dde067,arundel.hosting,available,300.2,300.2,medium,low,7,cloudflare,,,28/09/2026 12:04
47f8803a-bc2b-4890-9274-4e4f9f04efbd,hydrostatic.hosting,available,300.2,300.2,medium,low,11,cloudflare,,,02/10/2026 01:37
bf33425e-7a7d-4d64-8362-ead32532dc94,puzzlement.hosting,available,310.98,437.98,medium,low,10,namecheap,,,21/09/2026 17:39
b6bd7a70-7525-4f36-a354-65e64f97cceb,orchestral.hosting,available,309.99,429.99,high,low,10,namesilo,,,04/09/2026 17:42
f68a3814-5de0-471c-b3c3-0d06cae00264,queenlike.hosting,available,309.99,429.99,medium,low,9,namesilo,,,09/09/2026 07:54
3f04b107-d73d-47c9-9a53-a3b71e1264d2,connexion.hosting,available,279.65,341.75,high,low,9,spaceship,,,29/09/2026 18:26
aef1bf88-ade1-46d7-ac47-6f53851623f0,constantin.hosting,available,309.99,429.99,high,low,10,namesilo,,,29/09/2026 09:43
d5b31385-430a-4c77-bd0e-b8f1c82f6fc0,loose.hosting,available,309.99,429.99,medium,low,5,namesilo,,,22/09/2026 10:42
2ddcf087-47cd-4eb0-81ab-4b2a0eec7c46,dass.hosting,available,279.65,341.75,high,low,4,spaceship,,,30/09/2026 19:19
5868fa89-e7f4-45c8-a08b-c84d7c15cd2c,eroticism.hosting,available,309.99,429.99,medium,low,9,namesilo,,,18/09/2026 16:10
64e85c7c-ddf0-4199-8742-a0b76dd470b8,warren.hosting,available,309.99,429.99,high,low,6,namesilo,,,29/09/2026 00:43
a798a37c-7a1f-4187-a0f0-bf6f0199eb1a,donor.hosting,available,310.98,437.98,high,low,5,namecheap,,,23/09/2026 10:42
1cc16fcc-8a36-4142-ac9c-da3b468ef147,earthly.hosting,available,309.99,329.99,high,low,7,namesilo,,,14/08/2026 22:42
bbfa1454-b2ef-451a-bf4c-0a3fb8fd361c,column.hosting,available,309.99,429.99,high,low,6,namesilo,,,19/09/2026 04:50
50da43d4-e90f-4e80-80c0-0794851e7adc,harrell.hosting,available,300.2,300.2,medium,low,7,cloudflare,,,30/09/2026 13:41
914efe5c-8e5d-41e5-8f9a-37cc99a5624d,starkly.hosting,available,309.99,429.99,medium,low,7,namesilo,,,16/09/2026 06:57
8417b710-883c-47cc-91d5-f8260c7d51f2,godown.hosting,available,309.99,329.99,medium,low,7,namesilo,,,
4c19ea24-f032-489f-9ea4-5150c5c0af3e,slang.hosting,available,309.99,329.99,high,low,5,namesilo,,,12/08/2026 15:12
718bf2ac-5fd9-4a06-9a65-8e62a6496e53,cyanobacteria.hosting,available,300.2,300.2,medium,low,13,cloudflare,,,02/10/2026 02:08
2101e84a-c154-47b6-9fb4-96a4f01bbea3,spie.hosting,available,300.2,300.2,high,medium,4,cloudflare,,,03/10/2026 03:34
5646dcc4-7b6c-4a41-9965-59102b577783,lakes.hosting,available,300.2,300.2,high,low,5,cloudflare,,,29/09/2026 09:25
b7c368fc-406d-42e7-803a-7054100b8af8,adel.hosting,available,353.32,353.32,high,low,4,dynadot,,,01/10/2026 22:36
7e820817-98a5-4079-b0ae-4615a671fe5e,jia.hosting,available,300.2,300.2,high,low,3,cloudflare,,,29/09/2026 22:43
b567b8b1-26db-4171-9a54-56ac6b795404,commodious.hosting,available,310.98,398,high,low,10,namecheap,,,12/08/2026 19:10
b711c0b3-57d1-42d4-8bcc-0358a59509f5,gag.hosting,available,300.2,300.2,high,low,3,cloudflare,,,29/09/2026 20:25
10750ce3-78f5-4e4a-8699-0b9c6744da9c,grim.hosting,available,309.99,329.99,medium,low,4,namesilo,,,14/08/2026 11:41
f09cd5b2-e52c-46bb-a437-8000348d019a,raisable.hosting,available,309.99,429.99,high,medium,8,namesilo,,,09/09/2026 09:51
3f92e957-3aae-4c40-9e50-22591022acd2,consoling.hosting,available,309.99,329.99,high,low,9,namesilo,,,12/08/2026 22:42
241b2d0c-9b76-46d2-a3cc-33375b58236e,kennelly.hosting,available,309.99,429.99,medium,low,8,namesilo,,,16/09/2026 12:58
5cedd587-c847-48de-80af-8554b14c6c37,antitype.hosting,available,309.99,429.99,medium,low,8,namesilo,,,19/09/2026 15:14
f68e7649-3df7-4bd7-97a8-3e328fc38f71,delible.hosting,available,309.99,329.99,low,low,7,namesilo,,,14/08/2026 00:35
341925dc-4463-4830-8c1f-98ccab3ac426,car.hosting,premium,1430,1430,high,medium,3,dynadot,,,28/09/2026 23:22
230aebda-0917-4319-8611-6f23757d0bd2,mead.hosting,available,309.99,429.99,high,low,4,namesilo,,,30/09/2026 17:28
9d1f62a6-2f4b-4901-bd98-ddadc29cca56,peace.hosting,available,309.99,429.99,high,medium,5,namesilo,,,28/09/2026 22:50
87783013-6900-43e0-af6e-ac856e0b185c,settlements.hosting,available,300.2,300.2,medium,low,11,cloudflare,,,02/10/2026 12:53
8f62cc76-c8d9-4f62-91d3-4e49bbeea1db,malignant.hosting,available,309.99,329.99,medium,low,9,namesilo,,,24/08/2026 14:08
5ddbe5fc-9147-4087-95e4-cba9e0d4918f,introspections.hosting,available,309.99,329.99,low,low,14,namesilo,,,
596fe6a7-db6c-4555-a8f2-964b343f7942,variation.hosting,available,309.99,429.99,high,low,9,namesilo,,,03/09/2026 11:43
cb927a56-5879-4e3d-9f47-eb875860f2f6,negotiable.hosting,available,309.99,329.99,medium,low,10,namesilo,,,07/08/2026 06:30
3a9c6508-2240-48c3-8566-aea6b221fc14,gladly.hosting,available,309.99,329.99,high,low,6,namesilo,,,17/08/2026 20:47
f60a65c4-ccb1-4071-9190-a239a5a0016c,real.hosting,available,309.99,429.99,high,medium,4,namesilo,,,25/09/2026 14:00
348db547-7480-4251-ace2-414550722002,shredded.hosting,available,309.99,329.99,medium,low,8,namesilo,,,12/08/2026 06:59
2c14a457-5c60-4b73-8d93-f08bcded1af5,tumultuous.hosting,available,309.99,329.99,medium,low,10,namesilo,,,14/08/2026 12:25
a5a9461c-710d-4815-b2f7-67938a05ff17,protesters.hosting,available,279.65,341.75,low,low,10,spaceship,,,02/10/2026 03:18
70b13d79-1dde-4190-a7fa-77416d30e31e,babel.hosting,available,310.98,437.98,high,low,5,namecheap,,,21/09/2026 12:37
cc9e2d6c-c752-45af-affd-359787a0cf82,highlight.hosting,available,310.98,437.98,high,low,9,namecheap,,,29/09/2026 06:58
95218a10-3562-47e4-b5d6-8a167e3084be,anasa.hosting,available,310.98,437.98,medium,low,5,namecheap,,,19/09/2026 03:09
ff59ca3d-f8f5-474a-800d-3dc546e17e77,pathology.hosting,available,309.99,429.99,medium,low,9,namesilo,,,29/09/2026 01:49
0718dc00-e9de-4c27-8f35-b145be3b2b59,lxxiv.hosting,available,310.98,398,medium,low,5,namecheap,,,
f9f76fb0-9953-4f0d-959f-bf2b02d14112,willingness.hosting,available,309.99,429.99,high,low,11,namesilo,,,02/10/2026 23:20
5b130740-18a3-4d26-bf9d-453d7a106336,intricate.hosting,available,309.99,429.99,high,low,9,namesilo,,,25/09/2026 10:49
2138f01a-61f1-4769-b1a5-43f7f17191fc,armature.hosting,available,309.99,429.99,high,low,8,namesilo,,,20/09/2026 06:32
19ef96ab-e4a7-4b14-9de0-7092a5c1b32d,rex.hosting,available,309.99,429.99,high,low,3,namesilo,,,27/09/2026 04:37
e17f3b06-a095-4fe4-b93c-7683b5163bea,oppressive.hosting,available,309.99,429.99,medium,low,10,namesilo,,,04/09/2026 16:52
14cbedf3-707e-4450-9a62-74a5d3f88aaa,ccd.hosting,available,279.65,341.75,high,low,3,spaceship,,,29/09/2026 04:56
2f558f96-508a-4898-b7df-e4ecd682d77c,resistible.hosting,available,309.99,429.99,medium,low,10,namesilo,,,09/09/2026 15:20
642bb59d-c047-4f2f-9926-859b8ac50b57,glittering.hosting,available,309.99,329.99,high,low,10,namesilo,,,
61944837-c029-4661-aba1-f8b3c3e25f33,promethium.hosting,available,310.98,437.98,medium,low,10,namecheap,,,20/09/2026 23:23
1b8bf711-c646-426e-b869-57b9f7b6b4c3,voluntary.hosting,available,309.99,429.99,high,low,9,namesilo,,,13/09/2026 07:07
f79587b8-8f10-498c-979e-b25c99bda439,ata.hosting,available,310.98,437.98,medium,low,3,namecheap,,,28/09/2026 11:37
e4b79a7c-9c35-4342-a2d4-3514a9335d25,trailer.hosting,available,309.99,329.99,high,low,7,namesilo,,,22/08/2026 18:43
d34d8bce-9e6d-4985-86f6-d8254bcbe887,tahoe.hosting,available,309.99,429.99,high,low,5,namesilo,,,02/10/2026 02:57
780c8632-905f-4635-b9ec-c4c4a3d6adfe,addams.hosting,available,353.32,353.32,medium,low,6,dynadot,,,29/09/2026 23:22
10b6bc44-09f2-4b32-a35f-8dbfed9f4b6b,signalise.hosting,available,309.99,429.99,high,medium,9,namesilo,,,10/09/2026 08:02
7e58a5b5-1063-416c-aa6a-b47b685258d8,unrealized.hosting,available,309.99,429.99,medium,low,10,namesilo,,,12/09/2026 11:00
f213109f-e92c-4343-835f-4039b3f0265e,screws.hosting,available,309.99,429.99,medium,low,6,namesilo,,,29/09/2026 17:35
6d6254f1-2cf6-4a9f-be47-c1b5c06fda32,credulous.hosting,available,309.99,329.99,medium,low,9,namesilo,,,13/08/2026 05:56
9e71038a-cfbd-4709-aaad-5234cd61caea,coop.hosting,available,309.99,329.99,high,low,5,namesilo,,,13/08/2026 00:15
dc884afc-9ba8-4b89-a3e2-bdab70dd196b,basis.hosting,available,279.65,341.75,high,low,5,spaceship,,,29/09/2026 01:24
e54e60b8-ba60-4089-9130-3dcc66dce6d7,haag.hosting,available,279.65,341.75,medium,low,4,spaceship,,,01/10/2026 00:54
bba2c719-0e06-4cb4-90f8-564427f2d3ae,internship.hosting,available,309.99,429.99,high,low,10,namesilo,,,28/09/2026 10:09
12aed304-358f-488c-8117-1f54939f685c,detoxify.hosting,available,300.2,300.2,high,low,8,cloudflare,,,29/09/2026 14:25
b2148293-2bed-4240-bcb3-666ff9ebd73d,ceylon.hosting,available,309.47,340.37,high,low,6,porkbun,,,02/10/2026 14:38
0b5af5fe-c476-44b9-9c7e-15e6aec7806c,scarey.hosting,available,309.99,329.99,medium,low,6,namesilo,,,12/08/2026 05:21
cb813974-53ac-40de-ae17-98985c32e650,armful.hosting,available,309.99,429.99,medium,low,6,namesilo,,,20/09/2026 06:50
157d1d8d-1487-4dc2-a63b-23dd0af01607,vocalizing.hosting,available,309.99,429.99,high,medium,10,namesilo,,,10/09/2026 08:24
93d6c5cd-32e5-4825-8aee-46dfe82dd50e,achondrite.hosting,available,310.98,437.98,medium,low,10,namecheap,,,17/09/2026 00:54
05bdfb18-bcc3-4ddc-86e4-3e312ff04ffd,liable.hosting,available,309.99,429.99,high,low,6,namesilo,,,01/10/2026 02:02
f2547089-f2f7-4843-8016-63e0e3438d96,abysmal.hosting,available,309.99,329.99,medium,low,7,namesilo,,,
96a257fa-370f-48a0-a6e8-cc790b201e7d,critically.hosting,available,309.99,429.99,medium,low,10,namesilo,,,28/09/2026 14:26
467e1847-1cf6-497a-b1a9-1bc1f6ae78c9,conflicting.hosting,available,279.65,341.75,medium,low,11,spaceship,,,30/09/2026 03:55
49196c14-486a-4f52-a7f2-d131b00c4ada,agrypnia.hosting,available,310.98,437.98,medium,low,8,namecheap,,,17/09/2026 20:02
ef1048c3-2c70-4b6c-afb4-371c7c5929c5,ointment.hosting,available,309.99,329.99,high,low,8,namesilo,,,16/08/2026 15:54
5a8003ce-aab1-4305-82b3-1eccad542f6b,grit.hosting,available,279.65,341.75,high,low,4,spaceship,,,30/09/2026 17:31
3702e3a5-2593-4c4d-a607-8172ab0a16ae,rugs.hosting,available,353.32,353.32,medium,low,4,dynadot,,,02/10/2026 03:20
2615c901-9dbc-45fc-834a-b99d09c5048e,money.hosting,available,309.99,429.99,high,medium,5,namesilo,,,30/09/2026 05:05
f3f3c16e-afbb-47a8-84d3-396570c70841,instability.hosting,available,309.99,429.99,medium,low,11,namesilo,,,29/09/2026 23:37
edd42806-0593-4c84-9faa-46dca2717db0,armlet.hosting,available,309.99,429.99,medium,low,6,namesilo,,,20/09/2026 06:20
00261e2b-87bc-4df1-a806-25976462b8d3,actinidia.hosting,available,309.99,429.99,medium,low,9,namesilo,,,17/09/2026 04:47
fe565dbd-1f71-4022-9e1a-5ef6da4dfd13,indulgence.hosting,available,309.99,429.99,high,low,10,namesilo,,,05/09/2026 00:24
3dab351b-8615-48d4-b509-35f78e69b567,station.hosting,available,309.99,429.99,high,low,7,namesilo,,,25/09/2026 10:03
2aeb2ebc-b243-46a9-8bb7-f428e2d1aa8d,louvered.hosting,available,309.99,329.99,medium,low,8,namesilo,,,24/08/2026 10:04
b128f4dc-78b1-4ca1-a2d4-62527a5d8c5e,orleans.hosting,available,309.99,429.99,high,low,7,namesilo,,,30/09/2026 06:15
9aa71be7-8669-44ac-be78-be584c9ebaa3,maneuvering.hosting,available,310.98,437.98,high,low,11,namecheap,,,01/10/2026 23:02
9d05597e-502b-44e1-a201-661a29ccc306,abenaki.hosting,available,309.99,329.99,medium,low,7,namesilo,,,
ed886966-f0f7-4827-b29e-a04d0962138c,abridged.hosting,available,309.99,329.99,high,low,8,namesilo,,,
79f12f75-0e90-43bc-9e2b-8f7c383fc70b,peacock.hosting,premium,1690,1690,high,high,7,namecheap,,,29/09/2026 23:42
6c2c3936-d5d9-45d5-9eb6-f14b1d75c4c7,dalliance.hosting,available,309.99,429.99,medium,low,9,namesilo,,,11/09/2026 19:38
a5fdb9f3-f85f-4cef-9659-6b0a36f712ae,shaded.hosting,available,309.99,429.99,medium,low,6,namesilo,,,10/09/2026 05:23
b96dd8ec-5f6c-45a1-9ff0-9ffe4f4f3e94,superstitious.hosting,available,279.65,341.75,medium,low,13,spaceship,,,29/09/2026 14:38
720c5964-d54a-44df-83a5-af02e918cb1c,rogue.hosting,available,279.65,341.75,high,low,5,spaceship,,,30/09/2026 01:40
fcb1acd6-f3b1-4463-88af-ff6a0bf95d58,agnostical.hosting,available,310.98,398,medium,low,10,namecheap,,,
90cb1ac8-9a9d-4d16-8986-dae7540e74a7,downtown.hosting,available,309.99,429.99,high,low,8,namesilo,,,24/09/2026 12:02
43d92438-d63b-449b-9e69-ef2e94f56e30,transitive.hosting,available,310.98,437.98,high,low,10,namecheap,,,11/09/2026 18:55
d15f1f70-1966-4a58-873f-d22228d05422,balarama.hosting,available,310.98,437.98,medium,low,8,namecheap,,,21/09/2026 21:06
6a38ede1-fc19-4172-890f-8911309c2380,uncial.hosting,available,309.99,429.99,medium,low,6,namesilo,,,12/09/2026 05:10
290c49a9-6c7f-4eb0-ad2d-fab5980ca4e4,marries.hosting,available,353.32,353.32,medium,low,7,dynadot,,,28/09/2026 23:51
453e4d63-10af-4efd-99bd-7d02394107f2,snuffle.hosting,available,309.99,429.99,high,medium,7,namesilo,,,10/09/2026 12:50
ac454cbe-b101-4c3a-bbc0-f6461b1fe6c3,counselor.hosting,available,300.2,300.2,high,low,9,cloudflare,,,28/09/2026 13:47
1c2c2166-2e8d-4ac4-9fe3-d5dca409ba18,colleagues.hosting,available,309.99,429.99,medium,low,10,namesilo,,,18/09/2026 23:15
d2700237-355d-49fb-893d-1d99f5ec7bab,europe.hosting,available,279.65,341.75,high,medium,6,spaceship,,,29/09/2026 10:27
ac349763-4012-407d-adac-1c3611f15561,northman.hosting,available,310.98,437.98,medium,low,8,namecheap,,,03/09/2026 21:21
e0d7596b-7b56-48e1-ae49-76341c1a27ca,footer.hosting,available,309.99,429.99,high,low,6,namesilo,,,08/09/2026 12:38
6aa1d305-0a1a-4b53-a751-ee76c297933b,troth.hosting,available,309.99,429.99,medium,low,5,namesilo,,,23/09/2026 11:35
1fa3fb94-4741-4c47-92ec-7c7b6cf50ab7,medina.hosting,available,309.99,429.99,high,low,6,namesilo,,,18/09/2026 01:29
89129f1c-2ff4-40e8-a41c-463aa14b0be5,boulders.hosting,available,353.32,353.32,medium,low,8,dynadot,,,02/10/2026 21:51
4add898d-4aff-4462-9e36-007bbce7a5ed,ignite.hosting,available,279.65,341.75,high,medium,6,spaceship,,,30/09/2026 17:03
83334fd8-fb80-46e8-9005-460b233ecf87,afterward.hosting,available,309.99,329.99,medium,low,9,namesilo,,,
349da701-a0be-4ea9-91df-ea76842b74c8,ortega.hosting,available,279.65,341.75,medium,low,6,spaceship,,,28/09/2026 05:29
f773608b-3892-413f-a19a-ed1f532e769f,mantic.hosting,available,309.99,329.99,medium,low,6,namesilo,,,14/08/2026 13:48
ae50a424-aa69-47ad-acdc-91660ef6b429,fake.hosting,available,309.99,329.99,high,low,4,namesilo,,,08/08/2026 23:02
9e6ce3b2-fa01-4dee-8ea1-9f0a5e39e83c,etiquette.hosting,available,300.2,300.2,high,low,9,cloudflare,,,29/09/2026 18:48
c36bbd56-f798-4305-816b-52f75574cf1e,frying.hosting,available,309.99,429.99,high,low,6,namesilo,,,30/09/2026 09:52
a803aa8b-3dfc-4341-b0dc-2dee2e29e1e9,sinn.hosting,available,279.65,341.75,high,low,4,spaceship,,,28/09/2026 15:48
faf203cd-77a2-41ba-8e6d-86d98468eb4f,robes.hosting,available,279.65,341.75,medium,low,5,spaceship,,,29/09/2026 23:27
2de14c76-cadc-414b-967c-2db554302b5d,roadless.hosting,available,309.99,429.99,medium,low,8,namesilo,,,08/09/2026 10:27
dcf09030-a9c3-4639-ad99-177447414da6,prosecute.hosting,available,300.2,300.2,high,low,9,cloudflare,,,29/09/2026 20:42
903610ba-1aad-4259-b13e-c1a01646fe90,ergonomic.hosting,available,309.99,329.99,high,low,9,namesilo,,,17/08/2026 12:11
f05f55ee-6d86-4035-857a-b720ffbd40e7,voucher.hosting,available,279.65,341.75,high,low,7,spaceship,,,01/10/2026 01:36
de7fa16e-5d28-421f-be8b-e60939460a57,blocks.hosting,available,309.99,429.99,high,low,6,namesilo,,,17/09/2026 21:52
e915a608-4c09-46fe-a41c-c16517b64783,antoninus.hosting,available,309.99,429.99,medium,low,9,namesilo,,,19/09/2026 15:34
d276a28d-7903-4561-837e-91519e7f7c72,biomass.hosting,available,310.98,437.98,high,low,7,namecheap,,,23/09/2026 18:29
a3b17135-b97e-403e-9c5c-0cf963cee878,disgrace.hosting,available,300.2,300.2,high,low,8,cloudflare,,,29/09/2026 15:44
080fe156-e834-46ea-9189-0228ce8e0c81,vehement.hosting,available,309.99,429.99,medium,low,8,namesilo,,,11/09/2026 09:44
bcf4ab63-5b45-46b3-82fa-0ddde283de52,zeal.hosting,available,309.99,429.99,high,low,4,namesilo,,,20/09/2026 03:17
57348843-6800-4d91-9123-daa6e8cadc85,marketable.hosting,available,309.99,329.99,high,low,10,namesilo,,,24/08/2026 16:04
1a112c74-8b0a-49aa-be60-4c8a01fbbf27,diminish.hosting,available,310.98,437.98,medium,low,8,namecheap,,,01/10/2026 19:13
18cde494-9c14-4b59-bfd3-8c3a383bd475,pectoralis.hosting,available,309.99,429.99,medium,low,10,namesilo,,,08/09/2026 12:06
bb49fe92-b42b-4578-9c4a-4bab496a460a,step.hosting,available,310.98,437.98,high,low,4,namecheap,,,28/09/2026 17:14
cc46725b-f789-45ba-b6f4-03535b806769,unfathomed.hosting,available,309.99,429.99,medium,low,10,namesilo,,,12/09/2026 09:57
ee8658d0-e899-4877-b373-ef212694a877,hires.hosting,available,300.2,300.2,high,low,5,cloudflare,,,30/09/2026 05:35
203bf93c-f72f-45a5-9596-ccf2f42b7873,depraved.hosting,available,309.99,329.99,medium,low,8,namesilo,,,14/08/2026 02:29
7c33f81d-a77a-4a86-80e1-993a311f57be,marjorie.hosting,available,309.99,429.99,medium,low,8,namesilo,,,29/09/2026 04:00
907bc2b6-2fc1-4220-8ab7-cb85ff6a4a41,vancouver.hosting,available,300.2,300.2,high,medium,9,cloudflare,,,29/09/2026 12:40
e52e61d1-fa39-4ec6-b139-1b576d5e71df,arabian.hosting,available,309.99,329.99,high,low,7,namesilo,,,06/08/2026 11:05
409b3e34-eff9-4602-a8c3-cd8825101873,processes.hosting,available,300.2,300.2,medium,low,9,cloudflare,,,30/09/2026 06:07
ef706b2f-e736-42e5-af58-761eb8bfbd6f,twist.hosting,available,309.99,429.99,high,low,5,namesilo,,,28/09/2026 10:40
23319c31-2c06-477c-bb43-7155969cae73,dumb.hosting,available,310.98,398,high,low,4,namecheap,,,14/08/2026 21:03
5b99a53a-825b-4eda-8461-6a62a3d813cb,algebras.hosting,available,310.98,437.98,low,low,8,namecheap,,,28/09/2026 13:28
6add5f68-b667-4efd-a285-7a3eaa3668a8,admiration.hosting,available,279.65,341.75,high,low,10,spaceship,,,28/09/2026 18:44
0c50e05e-6f3c-4fc6-af72-44c177609d00,bands.hosting,available,310.98,437.98,medium,low,5,namecheap,,,16/09/2026 12:26
5ccec527-43be-464d-8e9f-610268a97de7,drought.hosting,available,353.32,353.32,medium,low,7,dynadot,,,29/09/2026 12:05
eef8df40-3f3d-4a57-bdf3-ba9b06c32863,kilobyte.hosting,available,300.2,300.2,high,low,8,cloudflare,,,30/09/2026 01:18
5e1fe6a5-115d-465e-be0e-f68284a2f2f2,apoapsis.hosting,available,310.98,437.98,medium,low,8,namecheap,,,19/09/2026 18:07
45b5dd52-5137-4bf6-b50b-667647032044,hou.hosting,available,300.2,300.2,high,low,3,cloudflare,,,29/09/2026 10:03
532016d7-cd10-4dd7-bed6-0ee040480ce9,flowing.hosting,available,309.99,329.99,high,low,7,namesilo,,,18/08/2026 09:11
c3252a13-42b3-4a44-8fc5-aa131231e021,dioxide.hosting,available,279.65,341.75,high,low,7,spaceship,,,29/09/2026 18:39
c1595e1b-bd05-49b8-b8c9-9a0981f21214,blazonry.hosting,available,309.99,429.99,medium,low,8,namesilo,,,24/09/2026 05:06
1fa2db96-fa12-49e1-b565-51c03d986cbe,rudolph.hosting,available,309.99,429.99,high,low,7,namesilo,,,25/09/2026 14:11
2273f44c-9c10-441e-b988-42cb3d0627ed,relaxation.hosting,available,279.65,341.75,high,low,10,spaceship,,,29/09/2026 12:08
55151f18-f9aa-4057-96ac-5a07ebd8f9dc,tallahassee.hosting,available,300.2,300.2,medium,low,11,cloudflare,,,02/10/2026 08:29
4e8161de-4d12-4fef-8db9-cb8543240549,wish.hosting,available,309.99,429.99,high,low,4,namesilo,,,25/09/2026 13:40
480eb09f-fed7-47e2-a96f-01ca85c8c442,oops.hosting,available,279.65,341.75,high,low,4,spaceship,,,01/10/2026 04:35
ad079782-0d30-4828-8c24-033262c4512e,lettering.hosting,available,279.65,341.75,high,low,9,spaceship,,,03/10/2026 01:18
19492d7e-9426-4843-872f-20223f7a5bc5,ruthenium.hosting,available,309.99,429.99,medium,low,9,namesilo,,,20/09/2026 23:08
1376ac7e-0565-4bf7-96fe-b3f53e46648a,uboat.hosting,available,309.99,429.99,medium,low,6,namesilo,,,11/09/2026 00:23
f4d8f3ed-a196-44d6-8624-2a39431419c5,little.hosting,available,310.98,437.98,high,low,6,namecheap,,,24/09/2026 17:48
2120d66d-e449-414b-9685-75913da8063b,bicolor.hosting,available,310.98,398,high,low,7,namecheap,,,09/08/2026 19:11
523c31a6-1805-44f8-a9a8-9e52fb2a73ea,correctional.hosting,available,300.2,300.2,medium,low,12,cloudflare,,,29/09/2026 14:55
32b4594d-6317-4069-9900-d3e289ea07de,fittingly.hosting,available,309.99,429.99,medium,low,9,namesilo,,,13/09/2026 20:32
820f46b9-0f8a-4691-9ea6-a2c124c814fd,matcha.hosting,available,310.98,437.98,high,medium,6,namecheap,,,01/10/2026 03:44
dc01e27d-a302-4cc7-9498-f79134490b89,rheologic.hosting,available,309.99,429.99,medium,low,9,namesilo,,,09/09/2026 16:35
13a092d0-022b-47c0-99dc-087da33bb5e0,romaic.hosting,available,310.98,437.98,high,low,6,namecheap,,,09/09/2026 18:25
a82ad1b9-4697-4255-9254-61e7f44df321,gibson.hosting,premium,1729,1729,high,low,6,namesilo,,,18/09/2026 14:55
aa32823e-e1f5-4643-97dd-b5efc56dffd0,dominating.hosting,available,309.99,329.99,medium,low,10,namesilo,,,07/08/2026 19:40
4cccfb7d-4824-413a-bb1a-b5e2de8cc5b4,lyttelton.hosting,available,309.99,429.99,medium,low,9,namesilo,,,02/10/2026 01:07
e7dc5695-2080-4bc6-8e69-a0de6bfddc90,bryson.hosting,available,310.98,437.98,medium,low,6,namecheap,,,29/09/2026 15:28
c6f3b12d-8c13-4fa6-a186-0e784635dcc6,xci.hosting,available,310.98,398,medium,low,3,namecheap,,,
23c20a26-ba9c-4a22-bd29-ec79754d81f4,francis.hosting,available,309.99,429.99,high,low,7,namesilo,,,25/09/2026 13:36
2ef15dc8-699d-419c-85d5-6da94e1657a2,melodious.hosting,available,309.99,329.99,high,low,9,namesilo,,,24/08/2026 19:38
5c9ed887-1ac3-42f5-af13-823e8894497b,autofocus.hosting,available,309.99,429.99,high,low,9,namesilo,,,21/09/2026 06:19
03806977-33d2-4c63-aea9-bf8627867e20,clark.hosting,available,309.99,429.99,high,medium,5,namesilo,,,25/09/2026 04:11
71084080-4143-45e5-b574-7985733163ee,lacing.hosting,available,309.99,429.99,medium,low,6,namesilo,,,13/09/2026 11:13
bd18996b-3a30-4914-9d36-e99b4f1ab4cd,spoof.hosting,available,309.99,429.99,high,low,5,namesilo,,,23/09/2026 11:26
0e5bf55c-896a-47e5-9896-cc1296ca3dfe,manipulate.hosting,available,309.99,429.99,high,low,10,namesilo,,,28/09/2026 05:48
f2ee6ab1-a255-48bc-8237-17b73d8971fa,pennsylvania.hosting,available,279.65,341.75,high,low,12,spaceship,,,28/09/2026 11:48
f8c12d1f-8866-49b7-abd8-36ff8ac4355a,wrexham.hosting,available,309.99,429.99,medium,low,7,namesilo,,,02/10/2026 08:27
2dfe63fb-b837-4a98-866b-f2fbd1492db8,baya.hosting,available,599.99,599.99,medium,low,4,name.com,,,22/09/2026 17:54
378c3813-53d4-4409-bf15-6f058db8d6dc,ascendance.hosting,available,310.98,437.98,high,low,10,namecheap,,,20/09/2026 13:03
84c746e0-3e80-4773-9f07-ecbe958ea553,panic.hosting,available,279.65,341.75,medium,low,5,spaceship,,,28/09/2026 19:23
efa911cb-525a-4fc1-a1b6-7e64cc559abf,tomlinson.hosting,available,309.99,429.99,medium,low,9,namesilo,,,28/09/2026 12:15
7acddca5-17ae-4298-97c2-317b1161140a,jennifer.hosting,available,309.99,429.99,high,low,8,namesilo,,,25/09/2026 14:21
92bf393e-84f9-49c0-ba97-8deace856da2,poa.hosting,available,279.65,341.75,high,low,3,spaceship,,,01/10/2026 19:46
18056184-4fa4-4ce2-ba6a-bbdb42b82649,measurable.hosting,available,310.98,398,high,low,10,namecheap,,,24/08/2026 18:27
c2e849c2-8bb9-45c1-b62f-4ddd5b911531,msu.hosting,available,309.99,429.99,high,low,3,namesilo,,,29/09/2026 09:17
6f04a540-3a90-4354-94a4-dddc0c60892f,devoured.hosting,available,309.99,429.99,low,low,8,namesilo,,,19/09/2026 23:51
4769a914-52a8-4eed-9e75-adf717ff8296,linnean.hosting,available,309.99,329.99,medium,low,7,namesilo,,,23/08/2026 17:24
5c76587e-6c1a-45f7-94ab-67ce757ce48d,tweed.hosting,available,310.98,437.98,medium,low,5,namecheap,,,02/10/2026 16:59
1cf93598-254c-4e86-bec7-2603f83ba9b9,undeniably.hosting,available,310.98,437.98,medium,low,10,namecheap,,,16/09/2026 09:52
6c32f770-73e8-449a-8238-68f36ce72a9a,monica.hosting,available,309.99,429.99,high,low,6,namesilo,,,25/09/2026 13:55
28d11c04-fa20-468f-b01b-6eb799b5d5a6,broke.hosting,available,309.99,429.99,high,low,5,namesilo,,,23/09/2026 09:49
8e1a9ea2-2092-4783-b866-7b5cb9c10be2,varicose.hosting,available,309.99,429.99,medium,low,8,namesilo,,,13/09/2026 01:20
f667348c-b2d1-4956-8b57-5b3278241833,starkers.hosting,available,310.98,437.98,low,low,8,namecheap,,,10/09/2026 18:51
9d25f11b-9851-479c-b270-3dabd4d0e253,thinks.hosting,available,309.99,429.99,high,low,6,namesilo,,,18/09/2026 15:23
8be1dab5-7bd5-457b-8229-e23ff2fad517,takeoff.hosting,available,279.65,341.75,high,low,7,spaceship,,,30/09/2026 05:48
c54cc30a-1ad9-47a2-a5eb-59ae296dec69,invited.hosting,available,309.99,429.99,high,low,7,namesilo,,,25/09/2026 11:51
2ce5a5d6-5b17-4b0e-ac4e-14c13314348d,box.hosting,available,309.99,429.99,high,high,3,namesilo,,,19/09/2026 13:28
f9c99721-e24a-438e-a7db-43b694839ed9,pushed.hosting,available,310.98,437.98,medium,low,6,namecheap,,,25/09/2026 18:24
ddea304d-a3be-490a-8085-b93df1514bdd,raymond.hosting,available,310.98,437.98,high,low,7,namecheap,,,25/09/2026 19:12
b490f323-0d5e-4272-8bbb-ac04bbbbd585,capsule.hosting,available,279.65,341.75,high,low,7,spaceship,,,01/10/2026 15:32
7dc784fd-a264-45e7-9182-17a9bc4cf461,vortex.hosting,available,279.65,341.75,high,medium,6,spaceship,,,30/09/2026 01:05
1c1f9916-9f6e-467c-816a-be5e5744532c,pies.hosting,available,279.65,341.75,medium,low,4,spaceship,,,02/10/2026 14:35
fb363805-f352-4d08-b512-bf86aacd92fe,signalize.hosting,available,309.99,429.99,high,medium,9,namesilo,,,10/09/2026 08:01
ebf087fd-312f-430d-ab55-4e5aa72f9578,molding.hosting,available,309.99,429.99,medium,low,7,namesilo,,,24/09/2026 15:24
ac5954e2-1045-4c41-b9be-c9336ec9bea7,tabloid.hosting,available,309.47,340.37,high,low,7,porkbun,,,01/10/2026 03:59
95df8d92-5f5e-4177-a0ed-4cf1970b05a1,headaches.hosting,available,309.99,429.99,low,low,9,namesilo,,,29/09/2026 06:01
0862d6f7-4800-4f81-9a16-aec207bcf589,conceive.hosting,available,279.65,341.75,high,low,8,spaceship,,,29/09/2026 14:04
26d19700-8fcc-4978-9c56-04989467e539,unresolved.hosting,available,309.99,329.99,medium,low,10,namesilo,,,14/08/2026 12:57
daaadb7d-dee9-471e-ac21-56a17d1ff11a,khorasan.hosting,available,309.47,340.37,medium,low,8,porkbun,,,30/09/2026 21:55
a3a9b6a4-00a7-48b3-a4af-ef374e73792b,penny.hosting,available,309.99,429.99,high,low,5,namesilo,,,30/09/2026 06:37
48268928-79e2-4ee4-a15d-8f05d06f9c5d,vows.hosting,available,300.2,300.2,medium,low,4,cloudflare,,,28/09/2026 04:45
97b26053-43b4-44ab-b218-c0c97a693f40,flit.hosting,available,309.99,329.99,high,low,4,namesilo,,,18/08/2026 07:46
ba8048a0-24ea-4056-a5aa-5b5dc63c5b91,dry.hosting,available,309.99,429.99,high,low,3,namesilo,,,24/09/2026 12:15
5faf52cd-2258-4b1d-a244-9fbb0ca27129,ames.hosting,available,309.99,429.99,high,low,4,namesilo,,,25/09/2026 12:32
188f6cc0-0538-4a16-91bf-da9c46a44a99,strands.hosting,available,300.2,300.2,medium,low,7,cloudflare,,,02/10/2026 11:37
dd81dbba-cf11-4fff-a821-6ee6261dc5b1,budget.hosting,premium,1419.68,1419.68,high,low,6,porkbun,,,29/09/2026 05:05
cab14a38-4cb0-4148-a6a4-f5ffdd5ec520,razorback.hosting,available,309.99,429.99,high,low,9,namesilo,,,09/09/2026 10:48
b88530ca-9372-480d-8ffa-276bf76f21a1,summery.hosting,available,309.99,429.99,high,low,7,namesilo,,,11/09/2026 01:38
1c3bbbf2-17ee-4f2d-8e31-2e9a1579f192,lakewood.hosting,available,279.65,341.75,medium,low,8,spaceship,,,28/09/2026 16:53
b231b01b-051d-42b1-8b52-fef3dd6bdb8a,barnes.hosting,available,310.98,437.98,high,low,6,namecheap,,,25/09/2026 21:08
b296abf1-a7aa-4574-b972-47361a062902,retracted.hosting,available,309.99,429.99,medium,low,9,namesilo,,,27/09/2026 13:32
43913a95-995d-4b6f-9ee9-3cd649212a1b,murrow.hosting,available,309.99,429.99,medium,low,6,namesilo,,,03/10/2026 00:35
65b50286-bb70-4571-9ddc-143b2f877769,betwixt.hosting,available,309.99,429.99,medium,low,7,namesilo,,,14/09/2026 00:01
f8362f54-3ad0-4154-b057-c5922bd8ddba,melanesian.hosting,available,310.98,398,medium,low,10,namecheap,,,24/08/2026 19:29
84745899-aba5-4b9d-bdb7-ea2cdc38f0df,arms.hosting,available,309.99,429.99,high,low,4,namesilo,,,20/09/2026 07:44
a8c47a7c-8dfc-40a5-9753-da152d48fab5,cathouse.hosting,available,310.98,437.98,medium,low,8,namecheap,,,21/09/2026 18:24
8c44d56f-1638-434f-be4e-7c4c239e71c3,babe.hosting,available,310.98,437.98,high,low,4,namecheap,,,29/09/2026 00:05
9c82c8e9-8e11-4f84-8a79-f98b5822ebe8,cowboys.hosting,premium,1729,1729,high,low,7,namesilo,,,28/09/2026 12:01
589e14d2-2624-4d7e-87d3-54f7d4d9cc24,roundup.hosting,premium,1729,1729,high,low,7,namesilo,,,03/10/2026 01:59
d28f327f-bccf-42b0-b433-bb5bf6ed5306,alalia.hosting,available,309.99,429.99,medium,low,6,namesilo,,,18/09/2026 01:40
0e819b5e-8242-4bac-acac-e879fb8c4a7a,tympanic.hosting,available,309.99,429.99,medium,low,8,namesilo,,,11/09/2026 22:25
37358c5e-d908-4e38-8efd-fd7374c24bba,investigation.hosting,available,310.98,437.98,high,low,13,namecheap,,,25/09/2026 17:01
bf79a735-b2e6-4bd0-a1c5-2fcfcfd141b6,compartment.hosting,available,309.99,429.99,high,low,11,namesilo,,,28/09/2026 03:28
4e4eafe4-8712-42a6-a2cc-98299ec6d362,acharya.hosting,available,353.32,353.32,high,low,7,dynadot,,,02/10/2026 17:55
0087df23-ff4f-4178-82a5-ba65d895172e,rumansh.hosting,available,309.99,429.99,high,medium,7,namesilo,,,09/09/2026 18:32
1a03acc2-031e-4bfc-8c39-649490e6fba8,bandana.hosting,available,309.99,429.99,high,low,7,namesilo,,,22/09/2026 00:59
cc5ab6ea-6494-42c0-844f-2fe8e017722f,hold.hosting,available,309.99,429.99,high,low,4,namesilo,,,24/09/2026 23:26
d6aeb9ae-40fa-40a4-9268-7fc328a5901a,solicitor.hosting,available,310.98,437.98,high,low,9,namecheap,,,01/10/2026 01:16
a7937e22-d464-4bd3-81e9-b8455e2ca746,assassination.hosting,available,353.32,353.32,medium,low,13,dynadot,,,28/09/2026 11:16
19ed4582-68d8-464e-804b-7b3b416bca69,plentitude.hosting,available,310.98,437.98,medium,low,10,namecheap,,,15/09/2026 20:35
df908e6a-945e-4e0e-acc0-3c8c2afd177d,astray.hosting,available,309.99,429.99,medium,low,6,namesilo,,,13/09/2026 22:14
7d1f5885-8d12-48e5-8a8a-b6500b3af61a,armando.hosting,available,300.2,300.2,medium,low,7,cloudflare,,,29/09/2026 11:42
02c43f2b-d6a5-4cfe-b605-8a957fb071d5,carryforward.hosting,available,599.99,599.99,medium,low,13,name.com,,,16/09/2026 06:47
10ff8479-0327-48e7-9d00-0bdaf7a1d8c9,meaning.hosting,available,310.98,437.98,high,low,7,namecheap,,,25/09/2026 18:26
307c91ea-52fe-4d50-b7e3-436b66383498,junctions.hosting,available,309.99,429.99,medium,low,9,namesilo,,,27/09/2026 03:20
9b06bf09-7ace-47bb-b601-316ac2d01334,bigram.hosting,available,309.99,429.99,medium,low,6,namesilo,,,23/09/2026 15:24
9dd4ed5a-933d-42ae-9a85-f2fa934487b0,dynamo.hosting,available,279.65,341.75,high,low,6,spaceship,,,02/10/2026 14:56
f4fc0f4b-9a6a-4348-89eb-4fe2bee017fb,exports.hosting,available,279.65,341.75,medium,low,7,spaceship,,,02/10/2026 02:53
dc9647d7-ecd3-4b11-a32e-62571006fbd9,unaddicted.hosting,available,309.99,429.99,medium,low,10,namesilo,,,11/09/2026 23:50
1675a37d-adba-428e-8b06-0a42638e1b18,asphalt.hosting,available,309.99,429.99,high,low,7,namesilo,,,20/09/2026 15:08
f87f0f64-fd9d-41ca-a733-7de80e3986c8,branchy.hosting,available,309.99,329.99,medium,low,7,namesilo,,,11/08/2026 02:23
0bc63c4c-7e2a-481f-a8d5-20b9d1f37933,blake.hosting,available,309.99,429.99,high,low,5,namesilo,,,24/09/2026 03:45
90bebd5f-9bd0-4471-8c61-ee4be1d4e45b,zoom.hosting,premium,1430,1430,high,medium,4,dynadot,,,28/09/2026 15:12
e27b0657-8641-487b-a4ec-b8c53866a816,arava.hosting,available,310.98,437.98,medium,low,5,namecheap,,,20/09/2026 00:28
21c6b8c3-b7bc-4ae2-9fa6-805f6d9a8ec8,vector.hosting,available,309.99,429.99,high,medium,6,namesilo,,,30/09/2026 14:20
b588a282-bbc4-49ff-9e14-461ef1b49da4,barman.hosting,available,310.98,437.98,high,low,6,namecheap,,,22/09/2026 06:19
b227be24-7d42-4949-8ca4-5bb179e8281c,effeminate.hosting,available,309.99,329.99,medium,low,10,namesilo,,,12/08/2026 08:34
8e54b679-6f33-4998-9242-400e3267586e,punctuation.hosting,available,309.99,429.99,high,low,11,namesilo,,,01/10/2026 13:00
32fbba09-6a9f-4db5-b869-6404e8efd1eb,hillel.hosting,available,353.32,353.32,high,low,6,dynadot,,,30/09/2026 17:38
5b7b2010-ec5a-4a40-a3ca-91cfcaa11e56,fruitcake.hosting,available,309.99,429.99,medium,low,9,namesilo,,,10/09/2026 00:13
0fb8012a-b498-45fd-9ffc-b1d2e86cb867,eas.hosting,available,310.98,437.98,high,low,3,namecheap,,,30/09/2026 09:27
35261cb7-37e7-4414-9364-27bb850756a5,balkan.hosting,available,309.99,429.99,high,low,6,namesilo,,,21/09/2026 22:14
f6c83cdf-ecf1-4582-a5ba-bfb0786a4472,clunky.hosting,available,309.99,329.99,medium,low,6,namesilo,,,12/08/2026 13:08
4b3620d0-58b8-4649-a125-0995ec91afdd,cadets.hosting,available,309.99,429.99,medium,low,6,namesilo,,,30/09/2026 00:49
a1d1174c-453f-4b29-b731-e3fd1d08e5b4,bruno.hosting,available,309.99,429.99,high,low,5,namesilo,,,25/09/2026 03:34
566f9e38-8c41-437e-8c54-0265887d3e55,glissando.hosting,available,309.99,429.99,high,low,9,namesilo,,,14/09/2026 21:37
c5a51d3a-0050-4c5a-a832-a20530af8304,palish.hosting,available,309.99,429.99,medium,low,6,namesilo,,,04/09/2026 23:41
f8b18a79-a296-424c-9f39-be860cbbfb49,coronary.hosting,available,309.99,329.99,high,low,8,namesilo,,,13/08/2026 01:44
7581ef86-9702-4955-b6b2-cd7b243d3b95,bitumen.hosting,available,309.99,429.99,high,low,7,namesilo,,,23/09/2026 23:13
a63e5d27-6ebe-4e4c-b808-e12228a08b75,towne.hosting,available,300.2,300.2,medium,low,5,cloudflare,,,29/09/2026 09:05
d7fe0dc1-05fe-46bf-bce5-1b2a5c9c171e,conservation.hosting,available,309.99,429.99,high,low,12,namesilo,,,29/09/2026 23:26
1755c166-c876-454d-a128-23adc00bb633,rodin.hosting,available,309.99,429.99,high,low,5,namesilo,,,21/09/2026 03:57
293e7af0-d56a-4286-9a7c-64644444e383,midnight.hosting,available,310.98,437.98,high,medium,8,namecheap,,,25/09/2026 09:24
7a7ee82f-bc67-4ca2-a5ad-4acb746c1a16,keel.hosting,available,309.99,429.99,high,low,4,namesilo,,,02/10/2026 04:16
871ee4e7-05ee-4a35-a470-acd610159608,byrnes.hosting,available,300.2,300.2,medium,low,6,cloudflare,,,29/09/2026 09:19
ab9f049c-c68e-4024-a496-078fa3de3e85,nay.hosting,available,309.99,429.99,medium,low,3,namesilo,,,15/09/2026 16:14
b9411b23-6157-4553-9565-3e4cba2e295c,inimitable.hosting,available,309.99,329.99,high,low,10,namesilo,,,22/08/2026 05:23
bb864c06-7a29-4b15-b9c1-9af6742f58ed,armageddon.hosting,available,310.98,437.98,high,low,10,namecheap,,,20/09/2026 06:29
8a4e2617-dd09-4bd9-8660-58b12b7cc787,westlake.hosting,premium,1729,1729,high,low,8,namesilo,,,
e3746b51-5059-4c1c-b30d-24fd6c3485db,weighted.hosting,available,309.99,429.99,high,low,8,namesilo,,,13/09/2026 10:08
d33efd6c-b728-41d9-9829-12c21daa123b,ernestine.hosting,available,279.65,341.75,medium,low,9,spaceship,,,02/10/2026 19:48
f2e09cb2-54bf-4ff2-8fd2-77173bcebbc9,kelly.hosting,available,309.99,429.99,high,low,5,namesilo,,,25/09/2026 05:33
38463fb6-9ca0-4542-a59d-55fc62da2095,fresnel.hosting,available,310.98,437.98,high,low,7,namecheap,,,21/09/2026 04:00
ec456fe6-bc83-4e4e-b500-4e952e2f0999,cbs.hosting,available,309.99,429.99,high,medium,3,namesilo,,,25/09/2026 13:14
cc7043ac-e231-4e8f-8847-fdf84ad3c06d,magpie.hosting,available,309.99,429.99,high,low,6,namesilo,,,21/09/2026 12:29
e203b766-0ed3-4b7d-a02d-e0574353891e,vertebrae.hosting,available,309.99,429.99,medium,low,9,namesilo,,,29/09/2026 22:57
372530d8-b40d-4c07-9148-c0b74d50b3cd,objectivity.hosting,available,309.47,340.37,high,low,11,porkbun,,,01/10/2026 13:53
6f54ad33-d2cd-4191-a318-4a30742e0b2f,needful.hosting,available,309.99,429.99,high,low,7,namesilo,,,03/09/2026 14:51
2cd30bf6-0937-4c18-9730-aa1a162a8752,inmost.hosting,available,309.99,329.99,medium,low,6,namesilo,,,22/08/2026 05:51
9e2328cf-52cb-4a94-a282-ab1cf8cbc7f9,eca.hosting,available,309.99,429.99,high,low,3,namesilo,,,01/10/2026 23:40
b7badcae-b7ba-4d5a-ad29-8eb47c841e64,heartsick.hosting,available,309.99,329.99,medium,low,9,namesilo,,,11/08/2026 05:30
ce925776-886c-4180-9c26-f86d3941349c,zapotec.hosting,available,309.99,429.99,high,low,7,namesilo,,,13/09/2026 15:07
28194198-3369-4095-906a-821633489d5c,pillar.hosting,available,310.98,437.98,high,low,6,namecheap,,,29/09/2026 13:21
efa99bc6-db70-4b3c-9d98-9ea3ff44c02b,turnbull.hosting,available,309.99,429.99,medium,low,8,namesilo,,,28/09/2026 08:25
9846f7e0-3079-4fed-a44b-2277230528a2,bodies.hosting,available,309.99,429.99,medium,low,6,namesilo,,,25/09/2026 16:46
d5d243e0-036a-4512-a0e6-8a6fe69c500b,quartermaster.hosting,available,279.65,341.75,medium,low,13,spaceship,,,03/10/2026 02:38
765ab5b3-d73e-4a0e-8843-705d6cb1c2e3,bookmark.hosting,available,309.99,429.99,high,low,8,namesilo,,,24/09/2026 07:12
3f655307-0b0a-4dfc-8cea-f525e380579f,fail.hosting,available,300.2,300.2,medium,low,4,cloudflare,,,29/09/2026 19:36
71756d84-7923-41ea-8bcf-29b895486ab5,rubin.hosting,available,279.65,341.75,high,low,5,spaceship,,,02/10/2026 01:41
dff07d45-9038-4018-b01c-5dd56707e056,technol.hosting,available,300.2,300.2,medium,low,7,cloudflare,,,30/09/2026 06:44
cb064326-1349-4a53-9e54-c4387495e48a,proclamation.hosting,available,309.99,429.99,high,low,12,namesilo,,,29/09/2026 16:06
95e4c9f2-9e52-47a7-8d55-65a5f22f23a6,lax.hosting,available,310.98,398,medium,low,3,namecheap,,,22/08/2026 21:22
0aef1ec4-de24-4934-b934-20a9836c96a7,precautions.hosting,available,309.99,429.99,medium,low,11,namesilo,,,18/09/2026 09:01
037860c2-bb6a-47dd-846f-3372dbbd81db,literal.hosting,available,309.99,429.99,high,low,7,namesilo,,,25/09/2026 13:58
03d0fcc3-c802-4a24-a86d-3543a55d27ce,assonance.hosting,available,310.98,437.98,medium,low,9,namecheap,,,20/09/2026 16:32
6c5e26fd-2fe2-4124-90ec-e750a9a16eda,ablution.hosting,available,310.98,437.98,medium,low,8,namecheap,,,16/09/2026 16:14
db54d7f8-cca7-45c1-afe1-ee5144bb88cb,lauren.hosting,premium,1729,1729,high,high,6,namesilo,,,25/09/2026 17:14
f348f197-4bfb-47a6-8e06-35bed5815640,grandchildren.hosting,available,309.99,329.99,medium,low,13,namesilo,,,
6ed9337f-36d9-4ae0-ab35-0866e3a0c0f1,dubnium.hosting,available,309.99,429.99,medium,low,7,namesilo,,,20/09/2026 22:04
4fd88125-c59a-47f7-acdb-e30546179d7e,venomed.hosting,available,309.99,429.99,medium,low,7,namesilo,,,13/09/2026 02:06
2aa93e5f-e09d-49b8-a0e3-80f2cf83d3f3,sniffing.hosting,available,300.2,300.2,medium,low,8,cloudflare,,,30/09/2026 20:12
8a599747-9e25-41e5-a08a-745a20c9f7e3,vitalizing.hosting,available,309.99,329.99,high,low,10,namesilo,,,23/08/2026 01:35
2d759540-86cc-4e06-9d16-886abbbc0dcd,imitating.hosting,available,279.65,341.75,high,low,9,spaceship,,,30/09/2026 20:05
31a281e1-544f-480e-b349-8c9cbdd12102,groovy.hosting,available,309.99,329.99,high,low,6,namesilo,,,08/08/2026 12:35
a48c403e-d088-4b29-b047-02c86328d574,requiring.hosting,available,279.65,341.75,medium,low,9,spaceship,,,30/09/2026 03:46
e8f11c1d-511b-46d9-b959-e584c028c437,tunic.hosting,available,309.99,429.99,high,low,5,namesilo,,,17/09/2026 10:34
50f7ac86-078f-4e21-896d-7e278c3115ed,asarum.hosting,available,309.99,429.99,medium,low,6,namesilo,,,20/09/2026 12:52
601c6467-de40-4113-b279-491e3bceac26,reaches.hosting,available,310.98,437.98,high,low,7,namecheap,,,18/09/2026 18:09
0c4995b7-66fe-4d38-9e96-f47cfb2105a9,unsuitable.hosting,available,309.99,329.99,medium,low,10,namesilo,,,22/08/2026 00:19
fba7b724-1a20-427b-b8a8-c2aa5e8c5b41,actor.hosting,available,309.99,429.99,high,low,5,namesilo,,,28/09/2026 02:29
6613bb09-a71e-4339-9682-a81463adc454,gari.hosting,available,309.99,429.99,high,low,4,namesilo,,,23/09/2026 22:55
ff44b893-b6ce-4d80-9f50-b9d6cc50c81c,lorenz.hosting,available,279.65,341.75,high,low,6,spaceship,,,28/09/2026 10:12
bec94d24-83c1-4627-91a6-2eb947392f91,vatic.hosting,available,309.99,329.99,low,low,5,namesilo,,,14/08/2026 13:52
b77658b5-5d75-43c0-bb52-85297cb564ca,sonny.hosting,available,279.65,341.75,high,low,5,spaceship,,,30/09/2026 17:50
e6fe9715-aa64-46e8-8260-752ee7e18201,genitive.hosting,available,309.99,329.99,medium,low,8,namesilo,,,18/08/2026 21:46
e4e0f9e5-fe0b-4705-90e8-980cd1ea63d4,perrin.hosting,available,309.99,429.99,medium,low,6,namesilo,,,29/09/2026 04:24
8d8a9389-8ab8-431d-95de-479a4721f4a4,haverford.hosting,available,309.99,429.99,medium,low,9,namesilo,,,01/10/2026 12:47
1ca33752-473b-4c76-8173-45d7a8bd17c4,tyrannical.hosting,available,309.99,329.99,medium,low,10,namesilo,,,07/08/2026 19:12
368e16de-7210-4e59-a5f5-c3718ea3db76,careful.hosting,available,309.99,429.99,high,low,7,namesilo,,,23/09/2026 12:50
da10622e-d268-47ba-b4d7-5280cf1ea618,shamanist.hosting,available,309.99,429.99,medium,low,9,namesilo,,,10/09/2026 05:49
651b8f0f-c457-4d53-8bf6-8b311ea2809f,tbilisi.hosting,available,279.65,341.75,medium,low,7,spaceship,,,28/09/2026 20:36
49a2db9a-7634-475a-b4f4-2bd8ad99a946,bemused.hosting,available,309.99,329.99,medium,low,7,namesilo,,,07/08/2026 11:47
be87437c-ca60-4007-97c1-c224b100e167,unshapen.hosting,available,309.99,429.99,medium,low,8,namesilo,,,12/09/2026 19:33
bdaa453a-96ff-4758-beee-4a44a63800fe,xiii.hosting,available,309.99,429.99,high,low,4,namesilo,,,21/09/2026 11:34
6fdfbb1d-1847-488e-a237-a38220c2f7d7,wage.hosting,available,309.99,429.99,high,low,4,namesilo,,,28/09/2026 10:40
1abf232d-cd81-4a78-adf6-ff18bef78e51,prandial.hosting,available,309.99,429.99,high,medium,8,namesilo,,,09/09/2026 01:04
2aaf0b3c-3aeb-4a05-98f1-52205042780b,governments.hosting,available,309.47,340.37,low,low,11,porkbun,,,28/09/2026 23:34
5a3260eb-b6a6-4fb2-8357-95c76a195659,sarawak.hosting,available,279.65,341.75,medium,low,7,spaceship,,,28/09/2026 15:18
ce93253e-38bd-4b66-8056-2f08795e15ae,polarity.hosting,available,300.2,300.2,high,low,8,cloudflare,,,03/10/2026 01:39
61072487-9644-4bff-a486-3e33baf4ee1b,spectacle.hosting,available,279.65,341.75,high,low,9,spaceship,,,28/09/2026 20:32
c4aa3cee-568a-4ec4-90ef-935c82c41f1c,unveil.hosting,available,353.32,353.32,high,low,6,dynadot,,,30/09/2026 16:44
6d1d8a2f-d2bd-4396-a9a0-48fccdd70ff9,befuddled.hosting,available,309.99,329.99,medium,low,9,namesilo,,,07/08/2026 11:41
b61b325b-1f4b-4c3f-86e5-fef8a91ad891,screamer.hosting,available,309.99,429.99,medium,low,8,namesilo,,,22/09/2026 17:00
2b9cf50b-4ec9-4c6f-bc19-39845ba6f1c3,lenses.hosting,available,309.99,429.99,medium,low,6,namesilo,,,29/09/2026 05:38
6c1faa8f-f47f-48a6-bf9e-11117ff650dd,prove.hosting,available,300.2,300.2,high,low,5,cloudflare,,,30/09/2026 02:36
8d657115-85d5-4ca4-88d4-d9fc98381014,ott.hosting,available,279.65,341.75,high,low,3,spaceship,,,28/09/2026 21:01
27f3c59f-953d-4bb1-9523-35831f08e28a,kept.hosting,available,310.98,437.98,high,low,4,namecheap,,,25/09/2026 12:27
8def4845-a936-4590-8021-68022c72bc97,docket.hosting,available,309.99,429.99,high,low,6,namesilo,,,17/09/2026 17:03
7702b662-ac1b-41a7-b030-d82a0c3d9556,beat.hosting,available,310.98,437.98,high,low,4,namecheap,,,29/09/2026 18:38
6799668d-229f-42f5-b8dd-77026b807f37,index.hosting,available,300.2,300.2,high,medium,5,cloudflare,,,29/09/2026 19:51
70523f6c-7980-4ca3-939e-6385ee6abd09,wrapped.hosting,available,309.99,329.99,high,low,7,namesilo,,,
bb079caa-d2b7-432e-8dbc-f531433725d1,aron.hosting,available,309.99,429.99,medium,low,4,namesilo,,,29/09/2026 15:32
b36788c8-1958-46cf-b658-7599ad83445d,preacher.hosting,available,309.99,429.99,high,low,8,namesilo,,,27/09/2026 15:23
fde43d66-6cc7-4e46-8e4c-db321d256770,charmingly.hosting,available,309.99,429.99,medium,low,10,namesilo,,,14/09/2026 06:21
b94293dc-01e4-41d4-8b0e-00a1de4932db,relocate.hosting,available,353.32,353.32,high,low,8,dynadot,,,29/09/2026 02:47
800c6146-23a1-4977-94fc-b51a16acb33a,dendroid.hosting,available,309.99,329.99,medium,low,8,namesilo,,,06/08/2026 13:50
02dac959-62e3-4e01-bba7-4150b95946bb,lxxxiii.hosting,available,309.99,329.99,medium,low,7,namesilo,,,
ed567a3a-a030-47ae-874c-aeb249b8d1c2,brian.hosting,available,309.99,429.99,high,medium,5,namesilo,,,25/09/2026 12:08
0f1b565b-20a5-4edb-a78e-b8bcca24f3e8,otago.hosting,available,300.2,300.2,high,low,5,cloudflare,,,29/09/2026 22:17
35dbace7-acde-4b5a-95a6-0cb059da68d5,ague.hosting,available,310.98,398,medium,low,4,namecheap,,,
679f674c-e152-477f-9e01-ecd735e74423,affinal.hosting,available,309.99,329.99,medium,low,7,namesilo,,,
547fbb3c-dadf-4c9d-80cc-f1677e48d933,afrl.hosting,available,309.99,429.99,medium,low,4,namesilo,,,17/09/2026 15:27
18fa3a20-7ccc-4389-bbb2-586e7db22d36,panel.hosting,available,309.99,429.99,high,low,5,namesilo,,,19/09/2026 11:40
7fdaff6e-78f8-4d62-9f18-7be39b583765,liberty.hosting,premium,1729,1729,high,high,7,namesilo,,,21/09/2026 07:30
bf4dfe88-edf2-4fb4-b926-958ec3dc3ccf,sheikh.hosting,available,310.98,437.98,high,low,6,namecheap,,,19/09/2026 23:25
fc4e4f5b-19b3-44e1-8f96-dc0e85ecda9a,released.hosting,available,309.99,329.99,medium,low,8,namesilo,,,
6becfb50-e052-4295-95ba-0c9756d692f1,pretorian.hosting,available,309.99,429.99,high,medium,9,namesilo,,,09/09/2026 01:00
8e42b3ec-4e67-422b-853b-058ae159f93b,patent.hosting,available,309.99,329.99,high,low,6,namesilo,,,06/08/2026 05:19
3e7fba0d-2e42-4af1-9786-7182c73573c3,drifted.hosting,available,309.99,429.99,low,low,7,namesilo,,,30/09/2026 07:02
404a412a-9066-47a2-a5a7-2670d0a1354c,fascination.hosting,available,309.99,429.99,high,low,11,namesilo,,,29/09/2026 16:24
835d0ec3-1c1e-4492-9bda-efecdf91e5b5,manufacturer.hosting,available,279.65,341.75,medium,low,12,spaceship,,,28/09/2026 20:59
a9defea3-20eb-483f-9784-4f1807c88b4e,ponca.hosting,available,309.99,429.99,medium,low,5,namesilo,,,02/10/2026 16:25
e9432a49-7f48-4a5d-8e50-421304e459f5,wizardly.hosting,available,309.99,329.99,medium,low,8,namesilo,,,24/08/2026 13:02
44904924-94d3-4f9b-b2ae-88ebb4b1e28a,victuals.hosting,available,310.98,398,medium,low,8,namecheap,,,12/08/2026 18:52
e41e701d-d8af-45c2-bf9f-f08bdd5c623e,bezant.hosting,available,309.99,429.99,medium,low,6,namesilo,,,23/09/2026 12:11
2135585f-0ca8-46c2-aa30-a8355127ef51,leslie.hosting,available,309.99,429.99,medium,low,6,namesilo,,,25/09/2026 14:15
c822ba44-8497-443d-be23-8536479f5f29,mixologist.hosting,available,309.99,429.99,high,low,10,namesilo,,,22/09/2026 06:27
977d322e-e29c-4ee7-ac2f-9d9904b130b9,midget.hosting,available,309.99,329.99,high,low,6,namesilo,,,08/08/2026 14:19
4eabf7b6-18ba-4746-a2d5-3c6fc8e0b04d,pga.hosting,available,309.99,429.99,high,low,3,namesilo,,,28/09/2026 07:12
904bd652-0ccb-41f6-9c87-85ad72687cce,arrhenius.hosting,available,309.99,429.99,high,low,9,namesilo,,,20/09/2026 09:11
b8de7420-4854-41fd-bea2-95744cb84f9d,crusty.hosting,available,309.99,329.99,medium,low,6,namesilo,,,13/08/2026 09:26
fe7270be-896e-40c3-bb7e-c4e9450c0b8e,smoker.hosting,available,300.2,300.2,medium,low,6,cloudflare,,,30/09/2026 02:54
50533e9e-b4b6-41b1-ad05-c4527820ee0f,kyiv.hosting,available,279.65,341.75,high,low,4,spaceship,,,30/09/2026 13:29
0a2b0fe0-48ec-4a79-bd96-d56c5c15fa53,bearnaise.hosting,available,310.98,437.98,medium,low,9,namecheap,,,22/09/2026 21:23
d7b729a9-2cae-434c-91d4-bea41956581c,enlightened.hosting,available,279.65,341.75,high,low,11,spaceship,,,29/09/2026 20:59
4e21544c-fec0-48fc-bb27-e1adfaddf8f5,beefcake.hosting,available,310.98,437.98,medium,low,8,namecheap,,,23/09/2026 01:06
0101ebe5-04a8-48f0-b071-fe7cd889e019,acheson.hosting,available,309.99,429.99,medium,low,7,namesilo,,,17/09/2026 00:31
8ee7ec88-54fc-4ffb-8c38-f359a1b7fff1,bulimic.hosting,available,309.99,329.99,medium,low,7,namesilo,,,11/08/2026 08:26
b2bd8214-365f-4b3a-b673-f45222b70612,calm.hosting,available,310.98,437.98,high,low,4,namecheap,,,23/09/2026 12:30
bc467b40-8ab7-4816-9a8e-c2ecad5294aa,chills.hosting,available,279.65,341.75,high,low,6,spaceship,,,02/10/2026 21:49
da9cfc38-e6dd-46e4-a690-6d11b977cfac,lorca.hosting,available,310.98,437.98,high,low,5,namecheap,,,02/10/2026 04:57
3b516efd-23cd-4a2f-b94d-21a871d8bf57,cheerfully.hosting,available,279.65,341.75,high,low,10,spaceship,,,28/09/2026 13:48
0ff8cc29-096b-4890-afb1-49de0b2ae108,explains.hosting,available,310.98,437.98,medium,low,8,namecheap,,,19/09/2026 21:05
fe5bb7e3-c8f3-485d-9527-8f72261e14e1,anna.hosting,available,309.99,429.99,high,medium,4,namesilo,,,19/09/2026 09:54
72ad725b-e650-48e3-a35e-0f06acbaaab2,exorbitant.hosting,available,309.99,329.99,medium,low,10,namesilo,,,17/08/2026 17:36